cluster_id	dup_class4	family	chrom	n_members	members	span_bp	win_len_bp	clipped	n_peaks_window	n_peaks_body	n_peaks_flank	peaks_per_kb_window	peaks_per_kb_body	peaks_per_kb_flank	obs_exp_window	nearest_peak_to_tss_min	nearest_peak_to_tss_mean	n_peaks_between_members	inter_member_tss_dist_bp	peaks_between_per_kb
clust0006	clustered_SSD_tandem	C2H2 ZF (other)	chr1	2	ZNF672,ZNF692	20934	218212	right	20	6	14	0.09165	0.28662	0.07097	4.911	0	0.0	6	20934	0.28662
clust0042	clustered_SSD_tandem	Homeodomain	chr12	2	NANOGNB,NANOG	33930	233930	none	2	0	2	0.00855	0.0	0.01	0.4581	55926	67215.0	0	22578	0.0
clust0072	clustered_SSD_tandem	bHLH	chr13	2	SOHLH2,CCDC169-SOHLH2	129625	329625	none	2	0	2	0.00607	0.0	0.01	0.3251	48643	90270.0	0	83254	0.0
clust0003	clustered_SSD_tandem	BTB-ZNF	chr14	2	ZBTB25,ZBTB1	84584	284584	none	13	7	6	0.04568	0.08276	0.03	2.4477	0	0.0	3	1501	1.99867
clust0073	clustered_SSD_tandem	bHLH	chr15	2	MESP1,MESP2	28879	228879	none	7	3	4	0.03058	0.10388	0.02	1.6388	0	157.0	0	9342	0.0
clust0061	clustered_SSD_tandem	SCAN-ZNF	chr16	2	ZSCAN32,ZNF174	27283	227283	none	16	3	13	0.0704	0.10996	0.065	3.772	0	0.0	1	150	6.66667
clust0010	clustered_SSD_tandem	C2H2 ZF (other)	chr16	2	ZNF48,ZNF771	53002	253002	none	32	14	18	0.12648	0.26414	0.09	6.7772	0	0.0	8	29308	0.27296
clust0011	clustered_SSD_tandem	C2H2 ZF (other)	chr16	2	ZNF668,ZNF646	23353	223353	none	27	5	22	0.12088	0.21411	0.11	6.4773	0	0.0	1	182	5.49451
clust0035	clustered_SSD_tandem	Forkhead	chr16	2	FOXC2,FOXL1	16649	216649	none	3	0	3	0.01385	0.0	0.015	0.742	2853	7622.5	0	9539	0.0
clust0062	clustered_SSD_tandem	SCAN-ZNF	chr18	4	ZNF397,ZSCAN30,ZNF24,ZNF396	136307	336307	none	17	12	5	0.05055	0.08804	0.025	2.7085	0	251.0	12	136307	0.08804
clust0014	clustered_SSD_tandem	C2H2 ZF (other)	chr18	2	ZNF516,ZNF236	615219	815219	none	24	14	10	0.02944	0.02276	0.05	1.5775	0	1121.5	7	327315	0.02139
clust0015	clustered_SSD_tandem	C2H2 ZF (other)	chr19	2	ZNF788,ZNF625	64266	264266	none	18	5	13	0.06811	0.0778	0.065	3.6497	6001	16544.5	5	64266	0.0778
clust0016	clustered_SSD_tandem	C2H2 ZF (other)	chr19	3	AKAP8,AKAP8L,WIZ	96571	296571	none	17	8	9	0.05732	0.08284	0.045	3.0714	0	0.0	6	70141	0.08554
clust0018	clustered_SSD_tandem	C2H2 ZF (other)	chr19	2	ZNF576,ZNF428	23237	223237	none	29	1	28	0.12991	0.04303	0.14	6.9607	0	0.0	1	23237	0.04303
clust0019	clustered_SSD_tandem	C2H2 ZF (other)	chr19	6	ZNF579,FIZ1,ZNF865,ZNF784,ZNF580,ZNF581	68849	268849	none	35	22	13	0.13018	0.31954	0.065	6.9756	0	1417.7	17	54611	0.31129
clust0063	clustered_SSD_tandem	SCAN-ZNF	chr19	3	ZSCAN5B,ZSCAN5C,ZSCAN5A	178697	378697	none	15	5	10	0.03961	0.02798	0.05	2.1224	0	39299.3	5	170568	0.02931
clust0064	clustered_SSD_tandem	SCAN-ZNF	chr19	2	ZSCAN1,ZSCAN18	84402	284402	none	17	4	13	0.05977	0.04739	0.065	3.2029	11909	16010.0	4	84402	0.04739
clust0020	clustered_SSD_tandem	C2H2 ZF (other)	chr19	2	ZNF497,ZNF837	26673	226673	none	27	3	24	0.11911	0.11247	0.12	6.3824	0	0.0	2	18182	0.11
clust0060	clustered_SSD_tandem	SAND	chr2	4	SP110,SP140,SP140L,SP100	380420	580420	none	28	20	8	0.04824	0.05257	0.04	2.5849	0	3938.0	13	212832	0.06108
clust0074	clustered_SSD_tandem	bHLH	chr21	2	OLIG2,OLIG1	46478	246478	none	3	2	1	0.01217	0.04303	0.005	0.6522	3085	18306.0	2	44206	0.04524
clust0065	clustered_SSD_tandem	SCAN-ZNF	chr6	2	ZNF165,ZSCAN16	49514	249514	none	12	7	5	0.04809	0.14137	0.025	2.577	334	1610.0	3	27121	0.11062
clust0066	clustered_SSD_tandem	SCAN-ZNF	chr6	3	ZSCAN31,ZSCAN12,ZSCAN23	118809	318809	none	12	7	5	0.03764	0.05892	0.025	2.0168	0	0.0	3	87231	0.03439
clust0075	clustered_SSD_tandem	bHLH	chr7	2	TWIST1,FERD3L	124430	324430	none	0	0	0	0.0	0.0	0.0	0.0	451331	465223.5	0	27785	0.0
clust0026	clustered_SSD_tandem	C2H2 ZF (other)	chr7	2	ZNF107,ZNF138	167582	367582	none	11	3	8	0.02993	0.0179	0.04	1.6035	0	0.0	2	128289	0.01559
clust0037	clustered_SSD_tandem	GTF2I-like	chr7	2	GTF2IRD1,GTF2I	306902	506902	none	17	7	10	0.03354	0.02281	0.05	1.797	0	640.5	4	196441	0.02036
clust0027	clustered_SSD_tandem	C2H2 ZF (other)	chr7	2	REPIN1,ZNF775	30441	230441	none	25	4	21	0.10849	0.1314	0.105	5.813	0	61.0	0	601	0.0
clust0029	clustered_SSD_tandem	DM	chr9	3	DMRT1,DMRT3,DMRT2	215862	415862	none	1	1	0	0.0024	0.00463	0.0	0.1288	52332	96933.7	1	208168	0.0048
clust0004	clustered_SSD_tandem	BTB-ZNF	chr9	2	ZBTB6,ZBTB26	23456	223456	none	14	2	12	0.06265	0.08527	0.06	3.357	0	0.0	1	18189	0.05498
clust0005	clustered_SSD_tandem	BTB-ZNF	chr9	2	ZBTB43,ZBTB34	80872	280872	none	16	6	10	0.05697	0.07419	0.05	3.0523	0	0.0	6	55633	0.10785
clust0055	clustered_SSD_tandem	Homeodomain	chrX	3	RHOXF2B,RHOXF1,RHOXF2	173003	373003	none	7	2	5	0.01877	0.01156	0.025	1.0056	0	73370.0	2	167577	0.01193
clust0002	clustered_cis_ohnolog	BTB-ZNF	chr1	2	ZBTB8B,ZBTB8A	140869	340869	none	11	1	10	0.03227	0.0071	0.05	1.7291	18810	34885.5	1	74355	0.01345
clust0034	clustered_cis_ohnolog	Forkhead	chr1	2	FOXE3,FOXD2	24406	224406	none	10	5	5	0.04456	0.20487	0.025	2.3877	0	8149.5	5	21759	0.22979
clust0030	clustered_cis_ohnolog	Ets	chr1	2	ETV3L,ETV3	46431	246431	none	5	3	2	0.02029	0.06461	0.01	1.0872	0	10631.5	3	26062	0.11511
clust0039	clustered_cis_ohnolog	Homeodomain	chr1	2	PBX1,LMX1A	801131	1001131	none	2	1	1	0.002	0.00125	0.005	0.107	3330	19877.5	1	801131	0.00125
clust0040	clustered_cis_ohnolog	Homeodomain	chr10	2	TLX1,LBX1	98163	298163	none	21	2	19	0.07043	0.02037	0.095	3.7739	9550	12066.0	2	98163	0.02037
clust0041	clustered_cis_ohnolog	Homeodomain	chr10	2	HMX3,HMX2	14702	214702	none	7	0	7	0.0326	0.0	0.035	1.747	2796	4468.5	0	12166	0.0
clust0031	clustered_cis_ohnolog	Ets	chr11	2	ELF5,EHF	184497	384497	none	4	0	4	0.0104	0.0	0.02	0.5574	85817	133767.0	0	95900	0.0
clust0032	clustered_cis_ohnolog	Ets	chr11	2	ETS1,FLI1	354506	554506	none	50	36	14	0.09017	0.10155	0.07	4.8315	519	3887.0	7	98977	0.07072
clust0007	clustered_cis_ohnolog	C2H2 ZF (other)	chr12	2	SP7,SP1	89871	289871	none	41	9	32	0.14144	0.10014	0.16	7.5788	0	0.0	6	34861	0.17211
clust0076	clustered_cis_ohnolog	bZIP	chr12	2	AC023509.3,ATF7	119719	319719	none	18	4	14	0.0563	0.03341	0.07	3.0167	0	0.0	1	431	2.32019
clust0071	clustered_cis_ohnolog	bHLH	chr12	2	MYF6,MYF5	12037	212037	none	0	0	0	0.0	0.0	0.0	0.0	623549	628188.0	0	9278	0.0
clust0069	clustered_cis_ohnolog	T-box	chr12	2	TBX5,TBX3	330264	530264	none	0	0	0	0.0	0.0	0.0	0.0	442041	579907.5	0	275733	0.0
clust0043	clustered_cis_ohnolog	Homeodomain	chr13	3	GSX1,PDX1,CDX2	176832	376832	none	2	1	1	0.00531	0.00566	0.005	0.2844	37634	68733.0	1	176832	0.00566
clust0008	clustered_cis_ohnolog	C2H2 ZF (other)	chr13	2	KLF5,KLF12	1079428	1279428	none	31	27	4	0.02423	0.02501	0.02	1.2983	0	1822.5	27	1079428	0.02501
clust0009	clustered_cis_ohnolog	C2H2 ZF (other)	chr13	2	ZIC5,ZIC2	23801	223801	none	5	0	5	0.02234	0.0	0.025	1.1971	55091	60099.5	0	10017	0.0
clust0044	clustered_cis_ohnolog	Homeodomain	chr14	2	NKX2-1,NKX2-8	66222	266222	none	0	0	0	0.0	0.0	0.0	0.0	200440	231172.5	0	61465	0.0
clust0045	clustered_cis_ohnolog	Homeodomain	chr14	3	SIX6,SIX1,SIX4	215205	415205	none	3	0	3	0.00723	0.0	0.015	0.3872	10401	88019.3	0	215205	0.0
clust0077	clustered_cis_ohnolog	bZIP	chr14	3	FOS,JDP2,BATF	268167	468167	none	30	19	11	0.06408	0.07085	0.055	3.4335	0	19843.7	10	243629	0.04105
clust0046	clustered_cis_ohnolog	Homeodomain	chr16	3	IRX3,IRX5,IRX6	1047452	1247452	none	2	2	0	0.0016	0.00191	0.0	0.0859	1568	228255.0	2	1037416	0.00193
clust0012	clustered_cis_ohnolog	C2H2 ZF (other)	chr16	2	ZNF469,ZFPM1	154072	354072	none	31	16	15	0.08755	0.10385	0.075	4.6913	0	23722.0	7	70321	0.09954
clust0057	clustered_cis_ohnolog	Nuclear receptor	chr17	2	THRA,NR1D1	42299	242299	none	37	7	30	0.1527	0.16549	0.15	8.1822	250	2043.0	7	42299	0.16549
clust0067	clustered_cis_ohnolog	STAT	chr17	3	STAT5B,STAT5A,STAT3	189392	389392	none	41	19	22	0.10529	0.10032	0.11	5.6418	0	293.3	14	101021	0.13859
clust0013	clustered_cis_ohnolog	C2H2 ZF (other)	chr17	2	SP6,SP2	84049	284049	none	22	4	18	0.07745	0.04759	0.09	4.15	0	2362.5	2	40276	0.04966
clust0047	clustered_cis_ohnolog	Homeodomain	chr17	2	DLX4,DLX3	26636	226636	none	16	1	15	0.0706	0.03754	0.075	3.7828	0	1595.5	1	26636	0.03754
clust0070	clustered_cis_ohnolog	T-box	chr17	2	TBX2,TBX4	85267	285267	none	2	2	0	0.00701	0.02346	0.0	0.3757	11128	25492.0	2	52561	0.03805
clust0056	clustered_cis_ohnolog	MADS box	chr19	2	MEF2B,BORCS8-MEF2B	46591	246591	none	15	3	12	0.06083	0.06439	0.06	3.2594	0	0.0	0	27	0.0
clust0017	clustered_cis_ohnolog	C2H2 ZF (other)	chr19	3	ZNF536,TSHZ3,ZNF507	2162776	2362776	none	9	6	3	0.00381	0.00277	0.015	0.2041	0	97009.7	5	2120703	0.00236
clust0078	clustered_cis_ohnolog	bZIP	chr19	2	CEBPA,CEBPG	82752	282752	none	11	4	7	0.0389	0.04834	0.035	2.0845	0	0.0	3	71151	0.04216
clust0048	clustered_cis_ohnolog	Homeodomain	chr19	2	TPRX1,CRX	42098	242098	none	8	0	8	0.03304	0.0	0.04	1.7706	40364	40728.0	0	728	0.0
clust0049	clustered_cis_ohnolog	Homeodomain	chr2	2	SIX3,SIX2	67750	267750	none	0	0	0	0.0	0.0	0.0	0.0	228010	261885.0	0	67750	0.0
clust0050	clustered_cis_ohnolog	Homeodomain	chr2	2	DLX1,DLX2	18160	218160	none	7	4	3	0.03209	0.22026	0.015	1.7193	251	3765.5	4	18160	0.22026
clust0068	clustered_cis_ohnolog	STAT	chr2	2	STAT1,STAT4	243136	443136	none	26	21	5	0.05867	0.08637	0.025	3.1438	0	281.5	14	130636	0.10717
clust0051	clustered_cis_ohnolog	Homeodomain	chr20	2	NKX2-4,NKX2-2	118699	318699	none	11	4	7	0.03452	0.0337	0.035	1.8494	7609	50544.5	4	116538	0.03432
clust0021	clustered_cis_ohnolog	C2H2 ZF (other)	chr20	4	SALL4,ZFP64,TSHZ2,ZNF217	1827576	2027576	none	30	26	4	0.0148	0.01423	0.02	0.7928	0	45345.5	26	1807386	0.01439
clust0033	clustered_cis_ohnolog	Ets	chr21	2	ERG,ETS2	444928	644928	none	8	7	1	0.0124	0.01573	0.005	0.6647	437	47233.5	4	143403	0.02789
clust0022	clustered_cis_ohnolog	C2H2 ZF (other)	chr22	2	ZNF280B,ZNF280A	35849	235849	none	2	1	1	0.00848	0.02789	0.005	0.4544	0	5732.5	1	11528	0.08675
clust0058	clustered_cis_ohnolog	Nuclear receptor	chr3	3	NR1D2,THRB,RARB	1652646	1852646	none	14	3	11	0.00756	0.00182	0.055	0.4049	0	430321.0	3	742601	0.00404
clust0023	clustered_cis_ohnolog	C2H2 ZF (other)	chr3	4	ZNF660,ZNF35,ZNF502,ZNF501	158860	358860	none	8	3	5	0.02229	0.01888	0.025	1.1945	0	21372.8	3	151373	0.01982
clust0024	clustered_cis_ohnolog	C2H2 ZF (other)	chr3	2	ZIC4,ZIC1	124247	324247	none	0	0	0	0.0	0.0	0.0	0.0	678299	684992.5	0	13387	0.0
clust0052	clustered_cis_ohnolog	Homeodomain	chr5	3	IRX4,IRX2,IRX1	1723990	1923990	none	9	2	7	0.00468	0.00116	0.035	0.2506	85601	785155.3	2	1708596	0.00117
clust0036	clustered_cis_ohnolog	Forkhead	chr6	3	FOXQ1,FOXF2,FOXC1	301799	501799	none	10	10	0	0.01993	0.03313	0.0	1.0678	5387	117352.3	10	297817	0.03358
clust0001	clustered_cis_ohnolog	AP-2	chr6	2	TFAP2D,TFAP2B	134093	334093	none	0	0	0	0.0	0.0	0.0	0.0	1181265	1213118.5	0	105197	0.0
clust0025	clustered_cis_ohnolog	C2H2 ZF (other)	chr7	2	SP8,SP4	732543	932543	none	12	12	0	0.01287	0.01638	0.0	0.6895	0	237526.5	11	641157	0.01716
clust0053	clustered_cis_ohnolog	Homeodomain	chr7	2	DLX6,DLX5	19397	219397	none	3	0	3	0.01367	0.0	0.015	0.7327	79885	89583.5	0	19397	0.0
clust0054	clustered_cis_ohnolog	Homeodomain	chr8	2	NKX3-1,NKX2-6	28059	228059	none	5	3	2	0.02192	0.10692	0.01	1.1747	0	11891.0	1	23818	0.04199
clust0028	clustered_cis_ohnolog	C2H2 ZF (other)	chr8	4	ZFP41,AC138696.1,GLI4,ZNF696	53131	253131	none	23	10	13	0.09086	0.18821	0.065	4.8686	0	317.0	7	42855	0.16334
clust0059	clustered_cis_ohnolog	Nuclear receptor	chr9	2	NR5A1,NR6A1	290075	490075	none	15	2	13	0.03061	0.00689	0.065	1.64	0	45954.0	2	263891	0.00758
