gene_symbol	ensembl_id	DBD_family	family	chrom	start	end	strand	tss
TFAP2E	ENSG00000116819	AP-2	AP-2	chr1	35573314	35595328	+	35573314
TFAP2C	ENSG00000087510	AP-2	AP-2	chr20	56629306	56639283	+	56629306
TFAP2A	ENSG00000137203	AP-2	AP-2	chr6	10393186	10419659	-	10419659
KDM5B	ENSG00000117139	ARID/BRIGHT	ARID/BRIGHT	chr1	202724495	202808487	-	202808487
ARID5B	ENSG00000150347	ARID/BRIGHT	ARID/BRIGHT	chr10	61901684	62096944	+	61901684
ARID3B	ENSG00000179361	ARID/BRIGHT	ARID/BRIGHT	chr15	74541206	74598131	+	74541206
ARID3A	ENSG00000116017	ARID/BRIGHT	ARID/BRIGHT	chr19	925781	975939	+	925781
ARID5A	ENSG00000196843	ARID/BRIGHT	ARID/BRIGHT	chr2	96536743	96552634	+	96536743
ARID3C	ENSG00000205143	ARID/BRIGHT	ARID/BRIGHT	chr9	34621049	34629066	-	34629066
AHDC1	ENSG00000126705	AT hook	AT hook	chr1	27534035	27604431	-	27604431
ASH1L	ENSG00000116539	AT hook	AT hook	chr1	155335268	155563162	-	155563162
AHCTF1	ENSG00000153207	AT hook	AT hook	chr1	246839098	246931948	-	246931948
PHF21A	ENSG00000135365	AT hook	AT hook	chr11	45929319	46121454	-	46121454
HMGA2	ENSG00000149948	AT hook	AT hook	chr12	65824460	65966291	+	65824460
GLYR1	ENSG00000140632	AT hook	AT hook	chr16	4803203	4847288	-	4847288
SRCAP	ENSG00000080603	AT hook	AT hook	chr16	30698209	30741409	+	30698209
CBX2	ENSG00000173894	AT hook	AT hook	chr17	79778148	79787983	+	79778148
SETBP1	ENSG00000152217	AT hook	AT hook	chr18	44680173	45068510	+	44680173
DOT1L	ENSG00000104885	AT hook	AT hook	chr19	2163933	2232578	+	2163933
PRR12	ENSG00000126464	AT hook	AT hook	chr19	49591182	49626439	+	49591182
PHF20	ENSG00000025293	AT hook	AT hook	chr20	35771974	35950370	+	35771974
DNTTIP1	ENSG00000101457	AT hook	AT hook	chr20	45791954	45811427	+	45791954
HMGA1	ENSG00000137309	AT hook	AT hook	chr6	34236873	34246231	+	34236873
SCML4	ENSG00000146285	AT hook	AT hook	chr6	107702154	107824317	-	107824317
AKNA	ENSG00000106948	AT hook	AT hook	chr9	114334156	114394405	-	114394405
ZBED6	ENSG00000257315	BED ZF	BED ZF	chr1	203795623	203854124	+	203795623
ZBED5	ENSG00000236287	BED ZF	BED ZF	chr11	10812074	10858796	-	10858796
C11orf95	ENSG00000188070	BED ZF	BED ZF	chr11	63759892	63768775	-	63768775
SGSM2	ENSG00000141258	BED ZF	BED ZF	chr17	2337498	2381058	+	2337498
ZBED4	ENSG00000100426	BED ZF	BED ZF	chr22	49853844	49890080	+	49853844
ZBED2	ENSG00000177494	BED ZF	BED ZF	chr3	111592900	111595346	-	111595346
FAM200B	ENSG00000237765	BED ZF	BED ZF	chr4	15681662	15690447	+	15681662
ZBED3	ENSG00000132846	BED ZF	BED ZF	chr5	77072072	77087285	-	77087285
ZBED9	ENSG00000232040	BED ZF	BED ZF	chr6	28570535	28616212	-	28616212
ZBED1	ENSG00000214717	BED ZF	BED ZF	chrX	2486414	2500976	-	2500976
ZBTB48	ENSG00000204859	C2H2 ZF	BTB-ZNF	chr1	6579994	6589280	+	6579994
ZBTB17	ENSG00000116809	C2H2 ZF	BTB-ZNF	chr1	15941869	15976132	-	15976132
ZBTB40	ENSG00000184677	C2H2 ZF	BTB-ZNF	chr1	22428838	22531157	+	22428838
ZBTB7B	ENSG00000160685	C2H2 ZF	BTB-ZNF	chr1	155002630	155018523	+	155002630
ZBTB37	ENSG00000185278	C2H2 ZF	BTB-ZNF	chr1	173868082	173903547	+	173868082
ZBTB41	ENSG00000177888	C2H2 ZF	BTB-ZNF	chr1	197153682	197201293	-	197201293
ZBTB18	ENSG00000179456	C2H2 ZF	BTB-ZNF	chr1	244048547	244057476	+	244048547
ZBTB3	ENSG00000185670	C2H2 ZF	BTB-ZNF	chr11	62748319	62754184	-	62754184
ZBTB16	ENSG00000109906	C2H2 ZF	BTB-ZNF	chr11	114059041	114256765	+	114059041
ZBTB44	ENSG00000196323	C2H2 ZF	BTB-ZNF	chr11	130226677	130314917	-	130314917
ZBTB39	ENSG00000166860	C2H2 ZF	BTB-ZNF	chr12	56998836	57006546	-	57006546
ZBTB42	ENSG00000179627	C2H2 ZF	BTB-ZNF	chr14	104800596	104804712	+	104800596
HIC1	ENSG00000177374	C2H2 ZF	BTB-ZNF	chr17	2054154	2063241	+	2054154
BCL6B	ENSG00000161940	C2H2 ZF	BTB-ZNF	chr17	7023050	7030290	+	7023050
ZBTB4	ENSG00000174282	C2H2 ZF	BTB-ZNF	chr17	7459366	7484263	-	7484263
ZBTB14	ENSG00000198081	C2H2 ZF	BTB-ZNF	chr18	5289019	5297053	-	5297053
ZBTB7C	ENSG00000184828	C2H2 ZF	BTB-ZNF	chr18	48026672	48410752	-	48410752
ZBTB7A	ENSG00000178951	C2H2 ZF	BTB-ZNF	chr19	4043303	4066899	-	4066899
ZBTB32	ENSG00000011590	C2H2 ZF	BTB-ZNF	chr19	35704558	35717038	+	35704558
ZBTB45	ENSG00000119574	C2H2 ZF	BTB-ZNF	chr19	58513530	58538911	-	58538911
GZF1	ENSG00000125812	C2H2 ZF	BTB-ZNF	chr20	23362182	23373062	+	23362182
ZBTB46	ENSG00000130584	C2H2 ZF	BTB-ZNF	chr20	63743668	63832038	-	63832038
ZBTB21	ENSG00000173276	C2H2 ZF	BTB-ZNF	chr21	41986831	42010387	-	42010387
HIC2	ENSG00000169635	C2H2 ZF	BTB-ZNF	chr22	21417371	21451463	+	21417371
ZBTB47	ENSG00000114853	C2H2 ZF	BTB-ZNF	chr3	42653697	42667580	+	42653697
ZBTB11	ENSG00000066422	C2H2 ZF	BTB-ZNF	chr3	101648889	101677135	-	101677135
ZBTB20	ENSG00000181722	C2H2 ZF	BTB-ZNF	chr3	114314500	115147292	-	115147292
ZBTB38	ENSG00000177311	C2H2 ZF	BTB-ZNF	chr3	141324213	141449792	+	141324213
MYNN	ENSG00000085274	C2H2 ZF	BTB-ZNF	chr3	169773396	169789716	+	169773396
BCL6	ENSG00000113916	C2H2 ZF	BTB-ZNF	chr3	187721377	187745725	-	187745725
ZBTB49	ENSG00000168826	C2H2 ZF	BTB-ZNF	chr4	4290251	4321786	+	4290251
ZNF131	ENSG00000172262	C2H2 ZF	BTB-ZNF	chr5	43065176	43192021	+	43065176
ZBTB12	ENSG00000204366	C2H2 ZF	BTB-ZNF	chr6	31899613	31902086	-	31902086
ZBTB22	ENSG00000236104	C2H2 ZF	BTB-ZNF	chr6	33314406	33317942	-	33317942
ZBTB9	ENSG00000213588	C2H2 ZF	BTB-ZNF	chr6	33453970	33457544	+	33453970
ZBTB2	ENSG00000181472	C2H2 ZF	BTB-ZNF	chr6	151364115	151391559	-	151391559
ZBTB10	ENSG00000205189	C2H2 ZF	BTB-ZNF	chr8	80485619	80526265	+	80485619
ZBTB5	ENSG00000168795	C2H2 ZF	BTB-ZNF	chr9	37438102	37465450	-	37465450
ZBTB33	ENSG00000177485	C2H2 ZF	BTB-ZNF	chrX	120250752	120258398	+	120250752
PRDM16	ENSG00000142611	C2H2 ZF	C2H2 ZF (other)	chr1	3069168	3438621	+	3069168
CASZ1	ENSG00000130940	C2H2 ZF	C2H2 ZF (other)	chr1	10636604	10796650	-	10796650
PRDM2	ENSG00000116731	C2H2 ZF	C2H2 ZF (other)	chr1	13700188	13825079	+	13700188
ZNF683	ENSG00000176083	C2H2 ZF	C2H2 ZF (other)	chr1	26361634	26374522	-	26374522
ZNF362	ENSG00000160094	C2H2 ZF	C2H2 ZF (other)	chr1	33256492	33300719	+	33256492
MTF1	ENSG00000188786	C2H2 ZF	C2H2 ZF (other)	chr1	37809574	37859592	-	37859592
RLF	ENSG00000117000	C2H2 ZF	C2H2 ZF (other)	chr1	40161387	40240921	+	40161387
HIVEP3	ENSG00000127124	C2H2 ZF	C2H2 ZF (other)	chr1	41506365	42035925	-	42035925
ZNF691	ENSG00000164011	C2H2 ZF	C2H2 ZF (other)	chr1	42846573	42852477	+	42846573
KLF17	ENSG00000171872	C2H2 ZF	C2H2 ZF (other)	chr1	44118821	44135140	+	44118821
CCDC17	ENSG00000159588	C2H2 ZF	C2H2 ZF (other)	chr1	45620044	45624057	-	45624057
GLIS1	ENSG00000174332	C2H2 ZF	C2H2 ZF (other)	chr1	53506237	53739164	-	53739164
ZNF326	ENSG00000162664	C2H2 ZF	C2H2 ZF (other)	chr1	89995110	90035533	+	89995110
ZNF644	ENSG00000122482	C2H2 ZF	C2H2 ZF (other)	chr1	90915298	91022272	-	91022272
GFI1	ENSG00000162676	C2H2 ZF	C2H2 ZF (other)	chr1	92473043	92486925	-	92486925
ZNF697	ENSG00000143067	C2H2 ZF	C2H2 ZF (other)	chr1	119619377	119648266	-	119648266
ZNF687	ENSG00000143373	C2H2 ZF	C2H2 ZF (other)	chr1	151281618	151292176	+	151281618
ZNF648	ENSG00000179930	C2H2 ZF	C2H2 ZF (other)	chr1	182054570	182061712	-	182061712
ZNF281	ENSG00000162702	C2H2 ZF	C2H2 ZF (other)	chr1	200404940	200410056	-	200410056
ZNF678	ENSG00000181450	C2H2 ZF	C2H2 ZF (other)	chr1	227563543	227677443	+	227563543
KLF6	ENSG00000067082	C2H2 ZF	C2H2 ZF (other)	chr10	3775996	3785281	-	3785281
KIN	ENSG00000151657	C2H2 ZF	C2H2 ZF (other)	chr10	7750962	7787993	-	7787993
ZNF438	ENSG00000183621	C2H2 ZF	C2H2 ZF (other)	chr10	30820207	31031937	-	31031937
ZNF239	ENSG00000196793	C2H2 ZF	C2H2 ZF (other)	chr10	43556344	43574618	-	43574618
ZNF32	ENSG00000169740	C2H2 ZF	C2H2 ZF (other)	chr10	43643860	43648881	-	43648881
ZNF22	ENSG00000165512	C2H2 ZF	C2H2 ZF (other)	chr10	45000923	45005326	+	45000923
ZNF488	ENSG00000265763	C2H2 ZF	C2H2 ZF (other)	chr10	47365496	47384293	-	47384293
ZNF365	ENSG00000138311	C2H2 ZF	C2H2 ZF (other)	chr10	62374192	62480288	+	62374192
EGR2	ENSG00000122877	C2H2 ZF	C2H2 ZF (other)	chr10	62811996	62819167	-	62819167
ZNF503	ENSG00000165655	C2H2 ZF	C2H2 ZF (other)	chr10	75397830	75401764	-	75401764
ZNF518A	ENSG00000177853	C2H2 ZF	C2H2 ZF (other)	chr10	96129715	96205288	+	96129715
IKZF5	ENSG00000095574	C2H2 ZF	C2H2 ZF (other)	chr10	122990807	123008812	-	123008812
ZNF511	ENSG00000198546	C2H2 ZF	C2H2 ZF (other)	chr10	133308914	133313162	+	133308914
ZNF143	ENSG00000166478	C2H2 ZF	C2H2 ZF (other)	chr11	9460319	9528524	+	9460319
PRMT3	ENSG00000185238	C2H2 ZF	C2H2 ZF (other)	chr11	20387558	20509338	+	20387558
WT1	ENSG00000184937	C2H2 ZF	C2H2 ZF (other)	chr11	32387775	32435564	-	32435564
ZNF408	ENSG00000175213	C2H2 ZF	C2H2 ZF (other)	chr11	46701030	46705912	+	46701030
ZFP91	ENSG00000186660	C2H2 ZF	C2H2 ZF (other)	chr11	58579063	58621550	+	58579063
OVOL1	ENSG00000172818	C2H2 ZF	C2H2 ZF (other)	chr11	65787063	65797214	+	65787063
ZNF705E	ENSG00000214534	C2H2 ZF	C2H2 ZF (other)	chr11	71816512	71821548	-	71821548
HINFP	ENSG00000172273	C2H2 ZF	C2H2 ZF (other)	chr11	119121580	119136059	+	119121580
PRDM10	ENSG00000170325	C2H2 ZF	C2H2 ZF (other)	chr11	129899706	130002835	-	130002835
ZNF384	ENSG00000126746	C2H2 ZF	C2H2 ZF (other)	chr12	6666477	6689572	-	6689572
AEBP2	ENSG00000139154	C2H2 ZF	C2H2 ZF (other)	chr12	19404045	19720801	+	19404045
ZNF740	ENSG00000139651	C2H2 ZF	C2H2 ZF (other)	chr12	53180704	53195142	+	53180704
ZNF385A	ENSG00000161642	C2H2 ZF	C2H2 ZF (other)	chr12	54369133	54391298	-	54391298
IKZF4	ENSG00000123411	C2H2 ZF	C2H2 ZF (other)	chr12	56007659	56038435	+	56007659
GLI1	ENSG00000111087	C2H2 ZF	C2H2 ZF (other)	chr12	57459785	57472268	+	57459785
EEA1	ENSG00000102189	C2H2 ZF	C2H2 ZF (other)	chr12	92770637	92929331	-	92929331
PRDM4	ENSG00000110851	C2H2 ZF	C2H2 ZF (other)	chr12	107732871	107761272	-	107761272
TRAFD1	ENSG00000135148	C2H2 ZF	C2H2 ZF (other)	chr12	112125538	112153604	+	112125538
ZNF664	ENSG00000179195	C2H2 ZF	C2H2 ZF (other)	chr12	123971845	124015439	+	123971845
GTF3A	ENSG00000122034	C2H2 ZF	C2H2 ZF (other)	chr13	27424619	27435823	+	27424619
DZIP1	ENSG00000134874	C2H2 ZF	C2H2 ZF (other)	chr13	95578202	95644706	-	95644706
CHAMP1	ENSG00000198824	C2H2 ZF	C2H2 ZF (other)	chr13	114314482	114337626	+	114314482
ZNF219	ENSG00000165804	C2H2 ZF	C2H2 ZF (other)	chr14	21090077	21104722	-	21104722
SALL2	ENSG00000165821	C2H2 ZF	C2H2 ZF (other)	chr14	21521080	21537216	-	21537216
INSM2	ENSG00000168348	C2H2 ZF	C2H2 ZF (other)	chr14	35534164	35537054	+	35534164
DPF3	ENSG00000205683	C2H2 ZF	C2H2 ZF (other)	chr14	72609034	72894101	-	72894101
ZNF410	ENSG00000119725	C2H2 ZF	C2H2 ZF (other)	chr14	73886617	73932521	+	73886617
BCL11B	ENSG00000127152	C2H2 ZF	C2H2 ZF (other)	chr14	99169287	99272197	-	99272197
YY1	ENSG00000100811	C2H2 ZF	C2H2 ZF (other)	chr14	100238298	100282788	+	100238298
KLF13	ENSG00000169926	C2H2 ZF	C2H2 ZF (other)	chr15	31326835	31435665	+	31326835
ZNF770	ENSG00000198146	C2H2 ZF	C2H2 ZF (other)	chr15	34978341	34988287	-	34988287
ZNF280D	ENSG00000137871	C2H2 ZF	C2H2 ZF (other)	chr15	56630176	56734086	-	56734086
ZNF609	ENSG00000180357	C2H2 ZF	C2H2 ZF (other)	chr15	64460578	64686068	+	64460578
BNC1	ENSG00000169594	C2H2 ZF	C2H2 ZF (other)	chr15	83255884	83284664	-	83284664
ZNF592	ENSG00000166716	C2H2 ZF	C2H2 ZF (other)	chr15	84748592	84806445	+	84748592
ZNF710	ENSG00000140548	C2H2 ZF	C2H2 ZF (other)	chr15	90001324	90082206	+	90001324
ZNF774	ENSG00000196391	C2H2 ZF	C2H2 ZF (other)	chr15	90352284	90369146	+	90352284
ZNF598	ENSG00000167962	C2H2 ZF	C2H2 ZF (other)	chr16	1997654	2009821	-	2009821
E4F1	ENSG00000167967	C2H2 ZF	C2H2 ZF (other)	chr16	2223580	2235742	+	2223580
ZNF200	ENSG00000010539	C2H2 ZF	C2H2 ZF (other)	chr16	3222325	3236221	-	3236221
GLIS2	ENSG00000126603	C2H2 ZF	C2H2 ZF (other)	chr16	4314761	4339597	+	4314761
MAZ	ENSG00000103495	C2H2 ZF	C2H2 ZF (other)	chr16	29806106	29811164	+	29806106
ZNF768	ENSG00000169957	C2H2 ZF	C2H2 ZF (other)	chr16	30524004	30526821	-	30526821
ZNF629	ENSG00000102870	C2H2 ZF	C2H2 ZF (other)	chr16	30778456	30787205	-	30787205
ZNF843	ENSG00000176723	C2H2 ZF	C2H2 ZF (other)	chr16	31432593	31443160	-	31443160
ZNF423	ENSG00000102935	C2H2 ZF	C2H2 ZF (other)	chr16	49487524	49857919	-	49857919
SALL1	ENSG00000103449	C2H2 ZF	C2H2 ZF (other)	chr16	51135982	51152334	-	51152334
ZNF319	ENSG00000166188	C2H2 ZF	C2H2 ZF (other)	chr16	57994676	58000672	-	58000672
CTCF	ENSG00000102974	C2H2 ZF	C2H2 ZF (other)	chr16	67562467	67639177	+	67562467
ZNF821	ENSG00000102984	C2H2 ZF	C2H2 ZF (other)	chr16	71859680	71895336	-	71895336
ATMIN	ENSG00000166454	C2H2 ZF	C2H2 ZF (other)	chr16	81035842	81047350	+	81035842
SNAI3	ENSG00000185669	C2H2 ZF	C2H2 ZF (other)	chr16	88677688	88686507	-	88686507
ZNF276	ENSG00000158805	C2H2 ZF	C2H2 ZF (other)	chr16	89720400	89740925	+	89720400
ZFP3	ENSG00000180787	C2H2 ZF	C2H2 ZF (other)	chr17	5078467	5096374	+	5078467
ZNF594	ENSG00000180626	C2H2 ZF	C2H2 ZF (other)	chr17	5179535	5191868	-	5191868
ZNF286B	ENSG00000249459	C2H2 ZF	C2H2 ZF (other)	chr17	18661937	18681846	-	18681846
ZNF207	ENSG00000010244	C2H2 ZF	C2H2 ZF (other)	chr17	32350132	32381885	+	32350132
ZNF830	ENSG00000198783	C2H2 ZF	C2H2 ZF (other)	chr17	34961540	34963777	+	34961540
IKZF3	ENSG00000161405	C2H2 ZF	C2H2 ZF (other)	chr17	39757718	39864312	-	39864312
ZNF385C	ENSG00000187595	C2H2 ZF	C2H2 ZF (other)	chr17	42025576	42098479	-	42098479
ZNF652	ENSG00000198740	C2H2 ZF	C2H2 ZF (other)	chr17	49289206	49362473	-	49362473
KAT7	ENSG00000136504	C2H2 ZF	C2H2 ZF (other)	chr17	49788624	49835026	+	49788624
VEZF1	ENSG00000136451	C2H2 ZF	C2H2 ZF (other)	chr17	57971547	57988259	-	57988259
ZNF750	ENSG00000141579	C2H2 ZF	C2H2 ZF (other)	chr17	82829434	82840022	-	82840022
L3MBTL4	ENSG00000154655	C2H2 ZF	C2H2 ZF (other)	chr18	5954706	6415237	-	6415237
ZNF521	ENSG00000198795	C2H2 ZF	C2H2 ZF (other)	chr18	25061924	25352190	-	25352190
ZNF532	ENSG00000074657	C2H2 ZF	C2H2 ZF (other)	chr18	58862600	58986480	+	58862600
ZNF407	ENSG00000215421	C2H2 ZF	C2H2 ZF (other)	chr18	74597870	75065671	+	74597870
TSHZ1	ENSG00000179981	C2H2 ZF	C2H2 ZF (other)	chr18	75210755	75289950	+	75210755
SALL3	ENSG00000256463	C2H2 ZF	C2H2 ZF (other)	chr18	78979818	79002677	+	78979818
KLF16	ENSG00000129911	C2H2 ZF	C2H2 ZF (other)	chr19	1852399	1863579	-	1863579
ZNF358	ENSG00000198816	C2H2 ZF	C2H2 ZF (other)	chr19	7515292	7521025	+	7515292
ZNF414	ENSG00000133250	C2H2 ZF	C2H2 ZF (other)	chr19	8509678	8514167	-	8514167
ZNF121	ENSG00000197961	C2H2 ZF	C2H2 ZF (other)	chr19	9560329	9584504	-	9584504
ZNF491	ENSG00000177599	C2H2 ZF	C2H2 ZF (other)	chr19	11797667	11809622	+	11797667
AC008770.3	ENSG00000267179	C2H2 ZF	C2H2 ZF (other)	chr19	11925075	11979290	+	11925075
KLF1	ENSG00000105610	C2H2 ZF	C2H2 ZF (other)	chr19	12884422	12887201	-	12887201
KLF2	ENSG00000127528	C2H2 ZF	C2H2 ZF (other)	chr19	16324826	16328685	+	16324826
ZNF493	ENSG00000196268	C2H2 ZF	C2H2 ZF (other)	chr19	21397119	21427577	+	21397119
OVOL3	ENSG00000105261	C2H2 ZF	C2H2 ZF (other)	chr19	36111143	36113711	+	36111143
ZNF146	ENSG00000167635	C2H2 ZF	C2H2 ZF (other)	chr19	36214602	36238771	+	36214602
ZNF260	ENSG00000254004	C2H2 ZF	C2H2 ZF (other)	chr19	36510687	36528271	-	36528271
ZNF345	ENSG00000251247	C2H2 ZF	C2H2 ZF (other)	chr19	36850361	36913029	+	36850361
ZNF781	ENSG00000196381	C2H2 ZF	C2H2 ZF (other)	chr19	37668579	37676393	-	37676393
DPF1	ENSG00000011332	C2H2 ZF	C2H2 ZF (other)	chr19	38211006	38229714	-	38229714
ZNF574	ENSG00000105732	C2H2 ZF	C2H2 ZF (other)	chr19	42068477	42081552	+	42068477
ZNF526	ENSG00000167625	C2H2 ZF	C2H2 ZF (other)	chr19	42220292	42228201	+	42220292
ZNF575	ENSG00000176472	C2H2 ZF	C2H2 ZF (other)	chr19	43525497	43536130	+	43525497
ZNF296	ENSG00000170684	C2H2 ZF	C2H2 ZF (other)	chr19	45071500	45076478	-	45076478
ZNF841	ENSG00000197608	C2H2 ZF	C2H2 ZF (other)	chr19	52064465	52095765	-	52095765
ZNF83	ENSG00000167766	C2H2 ZF	C2H2 ZF (other)	chr19	52594060	52690559	-	52690559
ZNF600	ENSG00000189190	C2H2 ZF	C2H2 ZF (other)	chr19	52749942	52786807	-	52786807
ZNF415	ENSG00000170954	C2H2 ZF	C2H2 ZF (other)	chr19	53107879	53133077	-	53133077
ZNF628	ENSG00000197483	C2H2 ZF	C2H2 ZF (other)	chr19	55476617	55484487	+	55476617
ZNF787	ENSG00000142409	C2H2 ZF	C2H2 ZF (other)	chr19	56087366	56121295	-	56121295
ZNF71	ENSG00000197951	C2H2 ZF	C2H2 ZF (other)	chr19	56595300	56626481	+	56595300
ZNF835	ENSG00000127903	C2H2 ZF	C2H2 ZF (other)	chr19	56661980	56671783	-	56671783
ZNF134	ENSG00000213762	C2H2 ZF	C2H2 ZF (other)	chr19	57614233	57624724	+	57614233
ZNF329	ENSG00000181894	C2H2 ZF	C2H2 ZF (other)	chr19	58126248	58155110	-	58155110
MYT1L	ENSG00000186487	C2H2 ZF	C2H2 ZF (other)	chr2	1789113	2331664	-	2331664
KLF11	ENSG00000172059	C2H2 ZF	C2H2 ZF (other)	chr2	10042849	10054836	+	10042849
OSR1	ENSG00000143867	C2H2 ZF	C2H2 ZF (other)	chr2	19351485	19358623	-	19358623
ZNF513	ENSG00000163795	C2H2 ZF	C2H2 ZF (other)	chr2	27377235	27380790	-	27380790
BCL11A	ENSG00000119866	C2H2 ZF	C2H2 ZF (other)	chr2	60450520	60554467	-	60554467
EGR4	ENSG00000135625	C2H2 ZF	C2H2 ZF (other)	chr2	73290929	73293701	-	73293701
KCMF1	ENSG00000176407	C2H2 ZF	C2H2 ZF (other)	chr2	84971093	85059472	+	84971093
GLI2	ENSG00000074047	C2H2 ZF	C2H2 ZF (other)	chr2	120735623	120992653	+	120735623
SP5	ENSG00000204335	C2H2 ZF	C2H2 ZF (other)	chr2	170715337	170718078	+	170715337
SP3	ENSG00000172845	C2H2 ZF	C2H2 ZF (other)	chr2	173880850	173965373	-	173965373
SP9	ENSG00000217236	C2H2 ZF	C2H2 ZF (other)	chr2	174334954	174338500	+	174334954
ZNF385B	ENSG00000144331	C2H2 ZF	C2H2 ZF (other)	chr2	179441982	179861612	-	179861612
ZNF804A	ENSG00000170396	C2H2 ZF	C2H2 ZF (other)	chr2	184598529	184939492	+	184598529
KLF7	ENSG00000118263	C2H2 ZF	C2H2 ZF (other)	chr2	207074137	207173856	-	207173856
IKZF2	ENSG00000030419	C2H2 ZF	C2H2 ZF (other)	chr2	212999691	213152427	-	213152427
ZNF142	ENSG00000115568	C2H2 ZF	C2H2 ZF (other)	chr2	218633329	218659655	-	218659655
ANKZF1	ENSG00000163516	C2H2 ZF	C2H2 ZF (other)	chr2	219229783	219236679	+	219229783
SCRT2	ENSG00000215397	C2H2 ZF	C2H2 ZF (other)	chr20	661596	675802	-	675802
OVOL2	ENSG00000125850	C2H2 ZF	C2H2 ZF (other)	chr20	17956979	18059188	-	18059188
INSM1	ENSG00000173404	C2H2 ZF	C2H2 ZF (other)	chr20	20368104	20370949	+	20368104
PLAGL2	ENSG00000126003	C2H2 ZF	C2H2 ZF (other)	chr20	32192504	32207743	-	32207743
ZNF341	ENSG00000131061	C2H2 ZF	C2H2 ZF (other)	chr20	33731657	33792269	+	33731657
L3MBTL1	ENSG00000185513	C2H2 ZF	C2H2 ZF (other)	chr20	43489442	43550954	+	43489442
ZNF335	ENSG00000198026	C2H2 ZF	C2H2 ZF (other)	chr20	45948660	45972203	-	45972203
SNAI1	ENSG00000124216	C2H2 ZF	C2H2 ZF (other)	chr20	49982980	49988886	+	49982980
CTCFL	ENSG00000124092	C2H2 ZF	C2H2 ZF (other)	chr20	57495966	57525652	-	57525652
ZNF831	ENSG00000124203	C2H2 ZF	C2H2 ZF (other)	chr20	59123381	59259113	+	59123381
SLC2A4RG	ENSG00000125520	C2H2 ZF	C2H2 ZF (other)	chr20	63739776	63744050	+	63739776
ZNF512B	ENSG00000196700	C2H2 ZF	C2H2 ZF (other)	chr20	63956704	63969930	-	63969930
MYT1	ENSG00000196132	C2H2 ZF	C2H2 ZF (other)	chr20	64102394	64242253	+	64102394
PRDM15	ENSG00000141956	C2H2 ZF	C2H2 ZF (other)	chr21	41798225	41879482	-	41879482
ZNF70	ENSG00000187792	C2H2 ZF	C2H2 ZF (other)	chr22	23738682	23751112	-	23751112
RBSN	ENSG00000131381	C2H2 ZF	C2H2 ZF (other)	chr3	15070073	15099163	-	15099163
ZNF385D	ENSG00000151789	C2H2 ZF	C2H2 ZF (other)	chr3	21412218	22373321	-	22373321
ZNF619	ENSG00000177873	C2H2 ZF	C2H2 ZF (other)	chr3	40477113	40491053	+	40477113
FEZF2	ENSG00000153266	C2H2 ZF	C2H2 ZF (other)	chr3	62369681	62374324	-	62374324
ZNF654	ENSG00000175105	C2H2 ZF	C2H2 ZF (other)	chr3	88059255	88144660	+	88059255
ZNF80	ENSG00000174255	C2H2 ZF	C2H2 ZF (other)	chr3	114234631	114237578	-	114237578
ZNF148	ENSG00000163848	C2H2 ZF	C2H2 ZF (other)	chr3	125225669	125375325	-	125375325
KLF15	ENSG00000163884	C2H2 ZF	C2H2 ZF (other)	chr3	126342635	126357408	-	126357408
ZXDC	ENSG00000070476	C2H2 ZF	C2H2 ZF (other)	chr3	126437601	126475891	-	126475891
MECOM	ENSG00000085276	C2H2 ZF	C2H2 ZF (other)	chr3	169083499	169663775	-	169663775
ZNF639	ENSG00000121864	C2H2 ZF	C2H2 ZF (other)	chr3	179323031	179338583	+	179323031
ZNF721	ENSG00000182903	C2H2 ZF	C2H2 ZF (other)	chr4	425815	499156	-	499156
ZNF518B	ENSG00000178163	C2H2 ZF	C2H2 ZF (other)	chr4	10439880	10457426	-	10457426
KLF3	ENSG00000109787	C2H2 ZF	C2H2 ZF (other)	chr4	38664197	38701517	+	38664197
REST	ENSG00000084093	C2H2 ZF	C2H2 ZF (other)	chr4	56907876	56966808	+	56907876
PRDM8	ENSG00000152784	C2H2 ZF	C2H2 ZF (other)	chr4	80183879	80204329	+	80183879
PRDM5	ENSG00000138738	C2H2 ZF	C2H2 ZF (other)	chr4	120684919	120922870	-	120922870
ZNF827	ENSG00000151612	C2H2 ZF	C2H2 ZF (other)	chr4	145757627	145938823	-	145938823
ZFP42	ENSG00000179059	C2H2 ZF	C2H2 ZF (other)	chr4	187995771	188005046	+	187995771
ZNF366	ENSG00000178175	C2H2 ZF	C2H2 ZF (other)	chr5	72439903	72507410	-	72507410
FAM170A	ENSG00000164334	C2H2 ZF	C2H2 ZF (other)	chr5	119629558	119635822	+	119629558
ZNF474	ENSG00000164185	C2H2 ZF	C2H2 ZF (other)	chr5	122129546	122182658	+	122129546
PRDM6	ENSG00000061455	C2H2 ZF	C2H2 ZF (other)	chr5	123089241	123194266	+	123089241
ZNF608	ENSG00000168916	C2H2 ZF	C2H2 ZF (other)	chr5	124636913	124748807	-	124748807
EGR1	ENSG00000120738	C2H2 ZF	C2H2 ZF (other)	chr5	138465479	138469303	+	138465479
ZNF346	ENSG00000113761	C2H2 ZF	C2H2 ZF (other)	chr5	177022696	177081189	+	177022696
ZFP2	ENSG00000198939	C2H2 ZF	C2H2 ZF (other)	chr5	178895898	178933212	+	178895898
ZFP62	ENSG00000196670	C2H2 ZF	C2H2 ZF (other)	chr5	180847611	180861285	-	180861285
RREB1	ENSG00000124782	C2H2 ZF	C2H2 ZF (other)	chr6	7107597	7251980	+	7107597
HIVEP1	ENSG00000095951	C2H2 ZF	C2H2 ZF (other)	chr6	12008762	12164999	+	12008762
ZNF322	ENSG00000181315	C2H2 ZF	C2H2 ZF (other)	chr6	26634383	26659752	-	26659752
ZNF391	ENSG00000124613	C2H2 ZF	C2H2 ZF (other)	chr6	27374615	27403908	+	27374615
ZNF76	ENSG00000065029	C2H2 ZF	C2H2 ZF (other)	chr6	35258909	35295985	+	35258909
ZNF318	ENSG00000171467	C2H2 ZF	C2H2 ZF (other)	chr6	43307134	43369647	-	43369647
ZNF451	ENSG00000112200	C2H2 ZF	C2H2 ZF (other)	chr6	57086844	57170305	+	57086844
ZNF292	ENSG00000188994	C2H2 ZF	C2H2 ZF (other)	chr6	87151803	87265943	+	87151803
PRDM13	ENSG00000112238	C2H2 ZF	C2H2 ZF (other)	chr6	99606774	99615578	+	99606774
PRDM1	ENSG00000057657	C2H2 ZF	C2H2 ZF (other)	chr6	105993463	106109939	+	105993463
ZUFSP	ENSG00000153975	C2H2 ZF	C2H2 ZF (other)	chr6	116635618	116668794	-	116668794
L3MBTL3	ENSG00000198945	C2H2 ZF	C2H2 ZF (other)	chr6	130013699	130141449	+	130013699
HIVEP2	ENSG00000010818	C2H2 ZF	C2H2 ZF (other)	chr6	142751469	142956698	-	142956698
PLAGL1	ENSG00000118495	C2H2 ZF	C2H2 ZF (other)	chr6	143940300	144064599	-	144064599
ZNF853	ENSG00000236609	C2H2 ZF	C2H2 ZF (other)	chr7	6615610	6624290	+	6615610
JAZF1	ENSG00000153814	C2H2 ZF	C2H2 ZF (other)	chr7	27830573	28180795	-	28180795
GLI3	ENSG00000106571	C2H2 ZF	C2H2 ZF (other)	chr7	41960949	42264100	-	42264100
IKZF1	ENSG00000185811	C2H2 ZF	C2H2 ZF (other)	chr7	50304068	50405101	+	50304068
ZNF117	ENSG00000152926	C2H2 ZF	C2H2 ZF (other)	chr7	64971772	65006684	-	65006684
ZNF804B	ENSG00000182348	C2H2 ZF	C2H2 ZF (other)	chr7	88759700	89338528	+	88759700
ZNF655	ENSG00000197343	C2H2 ZF	C2H2 ZF (other)	chr7	99558406	99576453	+	99558406
FEZF1	ENSG00000128610	C2H2 ZF	C2H2 ZF (other)	chr7	122301303	122310691	-	122310691
ZNF800	ENSG00000048405	C2H2 ZF	C2H2 ZF (other)	chr7	127346790	127431924	-	127431924
KLF14	ENSG00000266265	C2H2 ZF	C2H2 ZF (other)	chr7	130730697	130734207	-	130734207
ZNF467	ENSG00000181444	C2H2 ZF	C2H2 ZF (other)	chr7	149764182	149773588	-	149773588
EGR3	ENSG00000179388	C2H2 ZF	C2H2 ZF (other)	chr8	22687659	22693480	-	22693480
ZNF395	ENSG00000186918	C2H2 ZF	C2H2 ZF (other)	chr8	28345590	28402701	-	28402701
ZNF703	ENSG00000183779	C2H2 ZF	C2H2 ZF (other)	chr8	37695782	37700019	+	37695782
ZMAT4	ENSG00000165061	C2H2 ZF	C2H2 ZF (other)	chr8	40530590	40897833	-	40897833
SNAI2	ENSG00000019549	C2H2 ZF	C2H2 ZF (other)	chr8	48917598	48921740	-	48921740
ST18	ENSG00000147488	C2H2 ZF	C2H2 ZF (other)	chr8	52110838	52460959	-	52460959
PLAG1	ENSG00000181690	C2H2 ZF	C2H2 ZF (other)	chr8	56160909	56211324	-	56211324
PRDM14	ENSG00000147596	C2H2 ZF	C2H2 ZF (other)	chr8	70051651	70071693	-	70071693
ZNF704	ENSG00000164684	C2H2 ZF	C2H2 ZF (other)	chr8	80628451	80874781	-	80874781
OSR2	ENSG00000164920	C2H2 ZF	C2H2 ZF (other)	chr8	98944403	98952104	+	98944403
ZNF706	ENSG00000120963	C2H2 ZF	C2H2 ZF (other)	chr8	101177878	101206193	-	101206193
KLF10	ENSG00000155090	C2H2 ZF	C2H2 ZF (other)	chr8	102648784	102655725	-	102655725
ZFPM2	ENSG00000169946	C2H2 ZF	C2H2 ZF (other)	chr8	104590733	105804539	+	104590733
ZNF572	ENSG00000180938	C2H2 ZF	C2H2 ZF (other)	chr8	124973295	124979389	+	124973295
ZFAT	ENSG00000066827	C2H2 ZF	C2H2 ZF (other)	chr8	134477788	134713049	-	134713049
ZNF623	ENSG00000183309	C2H2 ZF	C2H2 ZF (other)	chr8	143636019	143656418	+	143636019
SCRT1	ENSG00000261678	C2H2 ZF	C2H2 ZF (other)	chr8	144330565	144336482	-	144336482
ZNF16	ENSG00000170631	C2H2 ZF	C2H2 ZF (other)	chr8	144930358	144950888	-	144950888
GLIS3	ENSG00000107249	C2H2 ZF	C2H2 ZF (other)	chr9	3824127	4348392	-	4348392
BNC2	ENSG00000173068	C2H2 ZF	C2H2 ZF (other)	chr9	16409503	16870843	-	16870843
KLF9	ENSG00000119138	C2H2 ZF	C2H2 ZF (other)	chr9	70384604	70414657	-	70414657
ZNF367	ENSG00000165244	C2H2 ZF	C2H2 ZF (other)	chr9	96385941	96418370	-	96418370
ZNF462	ENSG00000148143	C2H2 ZF	C2H2 ZF (other)	chr9	106863166	107013634	+	106863166
KLF4	ENSG00000136826	C2H2 ZF	C2H2 ZF (other)	chr9	107484852	107490482	-	107490482
ZNF883	ENSG00000228623	C2H2 ZF	C2H2 ZF (other)	chr9	112988129	113012192	-	113012192
ZNF618	ENSG00000157657	C2H2 ZF	C2H2 ZF (other)	chr9	113876282	114056593	+	113876282
PRDM12	ENSG00000130711	C2H2 ZF	C2H2 ZF (other)	chr9	130664594	130682986	+	130664594
GFI1B	ENSG00000165702	C2H2 ZF	C2H2 ZF (other)	chr9	132944000	132991687	+	132944000
YY2	ENSG00000230797	C2H2 ZF	C2H2 ZF (other)	chrX	21855987	21858740	+	21855987
ZNF645	ENSG00000175809	C2H2 ZF	C2H2 ZF (other)	chrX	22272913	22274461	+	22272913
ZFX	ENSG00000005889	C2H2 ZF	C2H2 ZF (other)	chrX	24149173	24216255	+	24149173
KLF8	ENSG00000102349	C2H2 ZF	C2H2 ZF (other)	chrX	56232356	56291531	+	56232356
ZXDB	ENSG00000198455	C2H2 ZF	C2H2 ZF (other)	chrX	57592011	57597477	+	57592011
ZXDA	ENSG00000198205	C2H2 ZF	C2H2 ZF (other)	chrX	57905430	57910458	-	57910458
ZNF711	ENSG00000147180	C2H2 ZF	C2H2 ZF (other)	chrX	85243991	85273362	+	85243991
CPXCR1	ENSG00000147183	C2H2 ZF	C2H2 ZF (other)	chrX	88747225	88754785	+	88747225
ZMAT1	ENSG00000166432	C2H2 ZF	C2H2 ZF (other)	chrX	101882288	101932031	-	101932031
ZNF280C	ENSG00000056277	C2H2 ZF	C2H2 ZF (other)	chrX	130202707	130268899	-	130268899
ZIC3	ENSG00000156925	C2H2 ZF	C2H2 ZF (other)	chrX	137566127	137577691	+	137566127
ZNF275	ENSG00000063587	C2H2 ZF	C2H2 ZF (other)	chrX	153334147	153360110	+	153334147
ZFY	ENSG00000067646	C2H2 ZF	C2H2 ZF (other)	chrY	2935281	2982506	+	2935281
ZNF653	ENSG00000161914	C2H2 ZF; AT hook	C2H2 ZF; AT hook	chr19	11483427	11505839	-	11505839
ZNF524	ENSG00000171443	C2H2 ZF; AT hook	C2H2 ZF; AT hook	chr19	55600022	55603138	+	55600022
PATZ1	ENSG00000100105	C2H2 ZF; AT hook	C2H2 ZF; AT hook	chr22	31325804	31346346	-	31346346
ZBTB24	ENSG00000112365	C2H2 ZF; AT hook	C2H2 ZF; AT hook	chr6	109460632	109483239	-	109483239
ZNF512	ENSG00000243943	C2H2 ZF; BED ZF	C2H2 ZF; BED ZF	chr2	27582969	27623217	+	27582969
ZNF277	ENSG00000198839	C2H2 ZF; BED ZF	C2H2 ZF; BED ZF	chr7	112206695	112343934	+	112206695
ZEB1	ENSG00000148516	C2H2 ZF; Homeodomain	C2H2 ZF; Homeodomain	chr10	31318495	31529814	+	31318495
ZFHX3	ENSG00000140836	C2H2 ZF; Homeodomain	C2H2 ZF; Homeodomain	chr16	72782885	73891871	-	73891871
ZEB2	ENSG00000169554	C2H2 ZF; Homeodomain	C2H2 ZF; Homeodomain	chr2	144364364	144521057	-	144521057
ZFHX4	ENSG00000091656	C2H2 ZF; Homeodomain	C2H2 ZF; Homeodomain	chr8	76681239	76867281	+	76681239
ZNF541	ENSG00000118156	C2H2 ZF; Myb/SANT	C2H2 ZF; Myb/SANT	chr19	47520690	47573148	-	47573148
TRERF1	ENSG00000124496	C2H2 ZF; Myb/SANT	C2H2 ZF; Myb/SANT	chr6	42224931	42452051	-	42452051
MBNL2	ENSG00000139793	CCCH ZF	CCCH ZF	chr13	97221434	97394120	+	97221434
ZC3H8	ENSG00000144161	CCCH ZF	CCCH ZF	chr2	112211529	112255136	-	112255136
ZGPAT	ENSG00000197114	CCCH ZF	CCCH ZF	chr20	63707465	63736142	+	63707465
TIGD3	ENSG00000173825	CENPB	CENPB	chr11	65354751	65357613	+	65354751
JRKL	ENSG00000183340	CENPB	CENPB	chr11	96389989	96507574	+	96389989
TIGD7	ENSG00000140993	CENPB	CENPB	chr16	3298808	3305729	-	3305729
CENPBD1	ENSG00000177946	CENPB	CENPB	chr16	89969983	89971922	-	89971922
TIGD1	ENSG00000221944	CENPB	CENPB	chr2	232543883	232550557	-	232550557
CENPB	ENSG00000125817	CENPB	CENPB	chr20	3783851	3786740	-	3786740
TIGD2	ENSG00000180346	CENPB	CENPB	chr4	89111533	89114901	+	89111533
TIGD4	ENSG00000169989	CENPB	CENPB	chr4	152769354	152779730	-	152779730
TIGD6	ENSG00000164296	CENPB	CENPB	chr5	149993118	150000654	-	150000654
JRK	ENSG00000234616	CENPB	CENPB	chr8	142657460	142681968	-	142681968
TIGD5	ENSG00000179886	CENPB	CENPB	chr8	143597831	143603224	+	143597831
CAMTA1	ENSG00000171735	CG-1	CG-1	chr1	6785454	7769706	+	6785454
CAMTA2	ENSG00000108509	CG-1	CG-1	chr17	4967992	4987675	-	4987675
RBPJL	ENSG00000124232	CSL	CSL	chr20	45306840	45317824	+	45306840
RBPJ	ENSG00000168214	CSL	CSL	chr4	26163455	26435131	+	26163455
CUX2	ENSG00000111249	CUT; Homeodomain	CUT; Homeodomain	chr12	111034165	111350554	+	111034165
ONECUT1	ENSG00000169856	CUT; Homeodomain	CUT; Homeodomain	chr15	52755053	52791078	-	52791078
ONECUT2	ENSG00000119547	CUT; Homeodomain	CUT; Homeodomain	chr18	57435374	57491298	+	57435374
ONECUT3	ENSG00000205922	CUT; Homeodomain	CUT; Homeodomain	chr19	1753506	1780988	+	1753506
SATB2	ENSG00000119042	CUT; Homeodomain	CUT; Homeodomain	chr2	199269505	199471266	-	199471266
SATB1	ENSG00000182568	CUT; Homeodomain	CUT; Homeodomain	chr3	18345377	18445621	-	18445621
CUX1	ENSG00000257923	CUT; Homeodomain	CUT; Homeodomain	chr7	101815904	102283958	+	101815904
TET1	ENSG00000138336	CxxC	CxxC	chr10	68560337	68694487	+	68560337
KDM2A	ENSG00000173120	CxxC	CxxC	chr11	67119263	67258082	+	67119263
KDM2B	ENSG00000089094	CxxC	CxxC	chr12	121429096	121581023	-	121581023
FBXL19	ENSG00000099364	CxxC	CxxC	chr16	30923055	30948783	+	30923055
CXXC1	ENSG00000154832	CxxC	CxxC	chr18	50282343	50287839	-	50287839
DNMT1	ENSG00000130816	CxxC	CxxC	chr19	10133342	10231286	-	10231286
TET3	ENSG00000187605	CxxC	CxxC	chr2	73984910	74108176	+	73984910
CXXC4	ENSG00000168772	CxxC	CxxC	chr4	104468308	104494901	-	104494901
CXXC5	ENSG00000171604	CxxC	CxxC	chr5	139647299	139683882	+	139647299
KMT2A	ENSG00000118058	CxxC; AT hook	CxxC; AT hook	chr11	118436456	118526832	+	118436456
KMT2B	ENSG00000272333	CxxC; AT hook	CxxC; AT hook	chr19	35717973	35738880	+	35717973
DMRTA2	ENSG00000142700	DM	DM	chr1	50417550	50423443	-	50423443
DMRTB1	ENSG00000143006	DM	DM	chr1	53459399	53467488	+	53459399
DMRTC2	ENSG00000142025	DM	DM	chr19	41844743	41852333	+	41844743
DMRTA1	ENSG00000176399	DM	DM	chr9	22446824	22455740	+	22446824
E2F2	ENSG00000007968	E2F	E2F	chr1	23506438	23531233	-	23531233
E2F8	ENSG00000129173	E2F	E2F	chr11	19224063	19241620	-	19241620
E2F7	ENSG00000165891	E2F	E2F	chr12	77021248	77065569	-	77065569
TFDP1	ENSG00000198176	E2F	E2F	chr13	113584721	113641473	+	113584721
E2F4	ENSG00000205250	E2F	E2F	chr16	67192155	67198918	+	67192155
E2F6	ENSG00000169016	E2F	E2F	chr2	11444375	11466177	-	11466177
E2F1	ENSG00000101412	E2F	E2F	chr20	33675477	33686385	-	33686385
TFDP2	ENSG00000114126	E2F	E2F	chr3	141944428	142149544	-	142149544
E2F3	ENSG00000112242	E2F	E2F	chr6	20401879	20493714	+	20401879
E2F5	ENSG00000133740	E2F	E2F	chr8	85177154	85217158	+	85177154
TFDP3	ENSG00000183434	E2F	E2F	chrX	133216662	133218354	-	133218354
EBF3	ENSG00000108001	EBF1	EBF1	chr10	129835233	129973053	-	129973053
EBF4	ENSG00000088881	EBF1	EBF1	chr20	2692780	2760108	+	2692780
EBF1	ENSG00000164330	EBF1	EBF1	chr5	158695920	159099916	-	159099916
EBF2	ENSG00000221818	EBF1	EBF1	chr8	25841725	26045413	-	26045413
ELK4	ENSG00000158711	Ets	Ets	chr1	205597556	205632011	-	205632011
SPI1	ENSG00000066336	Ets	Ets	chr11	47354860	47409369	-	47409369
ETV6	ENSG00000139083	Ets	Ets	chr12	11649674	11895377	+	11649674
ELK3	ENSG00000111145	Ets	Ets	chr12	96194375	96269824	+	96194375
SPIC	ENSG00000166211	Ets	Ets	chr12	101475336	101486997	+	101475336
ELF1	ENSG00000120690	Ets	Ets	chr13	40931924	41061440	-	41061440
ETV4	ENSG00000175832	Ets	Ets	chr17	43527844	43579620	-	43579620
ETV2	ENSG00000105672	Ets	Ets	chr19	35641745	35644871	+	35641745
ERF	ENSG00000105722	Ets	Ets	chr19	42247569	42255128	-	42255128
SPIB	ENSG00000269404	Ets	Ets	chr19	50418938	50431314	+	50418938
FEV	ENSG00000163497	Ets	Ets	chr2	218981087	218985184	-	218985184
GABPA	ENSG00000154727	Ets	Ets	chr21	25734570	25772460	+	25734570
ETV5	ENSG00000244405	Ets	Ets	chr3	186046314	186110318	-	186110318
ELF2	ENSG00000109381	Ets	Ets	chr4	139028112	139177218	-	139177218
SPDEF	ENSG00000124664	Ets	Ets	chr6	34537802	34556333	-	34556333
ETV7	ENSG00000010030	Ets	Ets	chr6	36354091	36387800	-	36387800
ETV1	ENSG00000006468	Ets	Ets	chr7	13891229	13991425	-	13991425
ELK1	ENSG00000126767	Ets	Ets	chrX	47635521	47650604	-	47650604
ELF4	ENSG00000102034	Ets	Ets	chrX	130063955	130110716	-	130110716
FOXO6	ENSG00000204060	Forkhead	Forkhead	chr1	41361922	41383590	+	41361922
FOXJ3	ENSG00000198815	Forkhead	Forkhead	chr1	42176539	42335877	-	42335877
FOXD3	ENSG00000187140	Forkhead	Forkhead	chr1	63322567	63325128	+	63322567
FOXI2	ENSG00000186766	Forkhead	Forkhead	chr10	127737185	127741183	+	127737185
FOXR1	ENSG00000176302	Forkhead	Forkhead	chr11	118971712	118981287	+	118971712
FOXM1	ENSG00000111206	Forkhead	Forkhead	chr12	2857680	2877174	-	2877174
FOXJ2	ENSG00000065970	Forkhead	Forkhead	chr12	8032716	8055517	+	8032716
FOXN4	ENSG00000139445	Forkhead	Forkhead	chr12	109277978	109309284	-	109309284
FOXO1	ENSG00000150907	Forkhead	Forkhead	chr13	40555667	40666641	-	40666641
FOXG1	ENSG00000176165	Forkhead	Forkhead	chr14	28764329	28770277	+	28764329
FOXA1	ENSG00000129514	Forkhead	Forkhead	chr14	37589552	37596059	-	37596059
FOXN3	ENSG00000053254	Forkhead	Forkhead	chr14	89124871	89619149	-	89619149
FOXB1	ENSG00000171956	Forkhead	Forkhead	chr15	60004234	60061730	+	60004234
FOXF1	ENSG00000103241	Forkhead	Forkhead	chr16	86510527	86515422	+	86510527
FOXN1	ENSG00000109101	Forkhead	Forkhead	chr17	28506243	28538900	+	28506243
FOXJ1	ENSG00000129654	Forkhead	Forkhead	chr17	76136333	76141245	-	76141245
FOXK2	ENSG00000141568	Forkhead	Forkhead	chr17	82519713	82644662	+	82519713
FOXA3	ENSG00000170608	Forkhead	Forkhead	chr19	45863989	45873797	+	45863989
FOXN2	ENSG00000170802	Forkhead	Forkhead	chr2	48314637	48379295	+	48314637
FOXI3	ENSG00000214336	Forkhead	Forkhead	chr2	88446787	88452693	-	88452693
FOXD4L1	ENSG00000184492	Forkhead	Forkhead	chr2	113498665	113501150	+	113498665
FOXA2	ENSG00000125798	Forkhead	Forkhead	chr20	22580998	22585455	-	22585455
FOXS1	ENSG00000179772	Forkhead	Forkhead	chr20	31844303	31845604	-	31845604
FOXP1	ENSG00000114861	Forkhead	Forkhead	chr3	70954693	71583978	-	71583978
FOXL2	ENSG00000183770	Forkhead	Forkhead	chr3	138944224	138947137	-	138947137
FOXD1	ENSG00000251493	Forkhead	Forkhead	chr5	73444827	73448777	-	73448777
FOXI1	ENSG00000168269	Forkhead	Forkhead	chr5	170105897	170109734	+	170105897
FOXP4	ENSG00000137166	Forkhead	Forkhead	chr6	41546381	41602384	+	41546381
FOXO3	ENSG00000118689	Forkhead	Forkhead	chr6	108559835	108684774	+	108559835
FOXK1	ENSG00000164916	Forkhead	Forkhead	chr7	4682295	4771442	+	4682295
FOXP2	ENSG00000128573	Forkhead	Forkhead	chr7	114086327	114693772	+	114086327
FOXH1	ENSG00000160973	Forkhead	Forkhead	chr8	144473412	144475849	-	144475849
FOXD4	ENSG00000170122	Forkhead	Forkhead	chr9	116231	118417	-	118417
FOXD4L6	ENSG00000273514	Forkhead	Forkhead	chr9	41126435	41128681	-	41128681
FOXD4L5	ENSG00000204779	Forkhead	Forkhead	chr9	65282101	65285209	-	65285209
FOXD4L4	ENSG00000184659	Forkhead	Forkhead	chr9	65737146	65738396	+	65737146
FOXD4L3	ENSG00000187559	Forkhead	Forkhead	chr9	68302867	68305084	+	68302867
FOXB2	ENSG00000204612	Forkhead	Forkhead	chr9	77019655	77020953	+	77019655
FOXE1	ENSG00000178919	Forkhead	Forkhead	chr9	97853226	97856717	+	97853226
FOXP3	ENSG00000049768	Forkhead	Forkhead	chrX	49250438	49264800	-	49264800
FOXR2	ENSG00000189299	Forkhead	Forkhead	chrX	55623400	55626192	+	55623400
FOXO4	ENSG00000184481	Forkhead	Forkhead	chrX	71095851	71103532	+	71095851
GATAD2B	ENSG00000143614	GATA	GATA	chr1	153789030	153923360	-	153923360
GATA3	ENSG00000107485	GATA	GATA	chr10	8045378	8075198	+	8045378
GATA6	ENSG00000141448	GATA	GATA	chr18	22169589	22202528	+	22169589
ZGLP1	ENSG00000220201	GATA	GATA	chr19	10304803	10309880	-	10309880
GATAD2A	ENSG00000167491	GATA	GATA	chr19	19385826	19508932	+	19385826
GATA5	ENSG00000130700	GATA	GATA	chr20	62463497	62475995	-	62475995
GATA2	ENSG00000179348	GATA	GATA	chr3	128479427	128493201	-	128493201
GATA4	ENSG00000136574	GATA	GATA	chr8	11676959	11760002	+	11676959
TRPS1	ENSG00000104447	GATA	GATA	chr8	115408496	115809673	-	115809673
GATA1	ENSG00000102145	GATA	GATA	chrX	48786540	48794311	+	48786540
GCM2	ENSG00000124827	GCM	GCM	chr6	10873223	10882041	-	10882041
GCM1	ENSG00000137270	GCM	GCM	chr6	53126961	53148841	-	53148841
GTF2IRD2	ENSG00000196275	GTF2I-like	GTF2I-like	chr7	74796151	74851605	-	74851605
GTF2IRD2B	ENSG00000174428	GTF2I-like	GTF2I-like	chr7	75092573	75149817	+	75092573
GRHL3	ENSG00000158055	Grainyhead	Grainyhead	chr1	24199558	24364482	+	24199558
TFCP2	ENSG00000135457	Grainyhead	Grainyhead	chr12	51093656	51173135	-	51173135
GRHL1	ENSG00000134317	Grainyhead	Grainyhead	chr2	9951693	10002277	+	9951693
TFCP2L1	ENSG00000115112	Grainyhead	Grainyhead	chr2	121216587	121285202	-	121285202
UBP1	ENSG00000153560	Grainyhead	Grainyhead	chr3	33388336	33441371	-	33441371
GRHL2	ENSG00000083307	Grainyhead	Grainyhead	chr8	101492439	101669726	+	101492439
SOX13	ENSG00000143842	HMG/Sox	HMG/Sox	chr1	204073115	204127743	+	204073115
TCF7L2	ENSG00000148737	HMG/Sox	HMG/Sox	chr10	112950247	113167678	+	112950247
SOX6	ENSG00000110693	HMG/Sox	HMG/Sox	chr11	15966449	16739591	-	16739591
SOX5	ENSG00000134532	HMG/Sox	HMG/Sox	chr12	23529504	24562544	-	24562544
SOX21	ENSG00000125285	HMG/Sox	HMG/Sox	chr13	94709622	94712545	-	94712545
SOX1	ENSG00000182968	HMG/Sox	HMG/Sox	chr13	112067149	112071706	+	112067149
HMG20A	ENSG00000140382	HMG/Sox	HMG/Sox	chr15	77420412	77485607	+	77420412
SOX8	ENSG00000005513	HMG/Sox	HMG/Sox	chr16	981444	986979	+	981444
SOX15	ENSG00000129194	HMG/Sox	HMG/Sox	chr17	7588178	7590094	-	7590094
SOX9	ENSG00000125398	HMG/Sox	HMG/Sox	chr17	72121020	72126416	+	72121020
HMG20B	ENSG00000064961	HMG/Sox	HMG/Sox	chr19	3572777	3579088	+	3572777
CIC	ENSG00000079432	HMG/Sox	HMG/Sox	chr19	42268537	42295797	+	42268537
SOX11	ENSG00000176887	HMG/Sox	HMG/Sox	chr2	5692384	5701385	+	5692384
TCF7L1	ENSG00000152284	HMG/Sox	HMG/Sox	chr2	85133392	85310387	+	85133392
SOX12	ENSG00000177732	HMG/Sox	HMG/Sox	chr20	325552	330224	+	325552
SOX18	ENSG00000203883	HMG/Sox	HMG/Sox	chr20	64047582	64049639	-	64049639
SOX10	ENSG00000100146	HMG/Sox	HMG/Sox	chr22	37970686	37987422	-	37987422
BBX	ENSG00000114439	HMG/Sox	HMG/Sox	chr3	107522936	107811339	+	107522936
SOX14	ENSG00000168875	HMG/Sox	HMG/Sox	chr3	137764315	137766334	+	137764315
SOX2	ENSG00000181449	HMG/Sox	HMG/Sox	chr3	181711925	181714436	+	181711925
LEF1	ENSG00000138795	HMG/Sox	HMG/Sox	chr4	108047545	108168956	-	108168956
TCF7	ENSG00000081059	HMG/Sox	HMG/Sox	chr5	134114681	134151865	+	134114681
SOX30	ENSG00000039600	HMG/Sox	HMG/Sox	chr5	157625679	157671480	-	157671480
SOX4	ENSG00000124766	HMG/Sox	HMG/Sox	chr6	21593751	21598619	+	21593751
HMGN3	ENSG00000118418	HMG/Sox	HMG/Sox	chr6	79201245	79234689	-	79234689
HBP1	ENSG00000105856	HMG/Sox	HMG/Sox	chr7	107168961	107202522	+	107168961
SOX7	ENSG00000171056	HMG/Sox	HMG/Sox	chr8	10723768	10730511	-	10730511
SOX17	ENSG00000164736	HMG/Sox	HMG/Sox	chr8	54457935	54460892	+	54457935
SOX3	ENSG00000134595	HMG/Sox	HMG/Sox	chrX	140502985	140505069	-	140505069
SRY	ENSG00000184895	HMG/Sox	HMG/Sox	chrY	2786855	2787682	-	2787682
HSF4	ENSG00000102878	HSF	HSF	chr16	67164681	67169945	+	67164681
HSF5	ENSG00000176160	HSF	HSF	chr17	58420167	58488408	-	58488408
HSF2	ENSG00000025156	HSF	HSF	chr6	122399551	122433119	+	122399551
HSF1	ENSG00000185122	HSF	HSF	chr8	144291591	144314720	+	144291591
HSFX2	ENSG00000268738	HSF	HSF	chrX	149592512	149595314	-	149595314
HSFX1	ENSG00000171116	HSF	HSF	chrX	149774068	149776867	+	149774068
DMBX1	ENSG00000197587	Homeodomain	Homeodomain	chr1	46489836	46516216	+	46489836
LHX8	ENSG00000162624	Homeodomain	Homeodomain	chr1	75128434	75161533	+	75128434
BARHL2	ENSG00000143032	Homeodomain	Homeodomain	chr1	90711539	90717302	-	90717302
ALX3	ENSG00000156150	Homeodomain	Homeodomain	chr1	110059870	110070672	-	110070672
PRRX1	ENSG00000116132	Homeodomain	Homeodomain	chr1	170662728	170739421	+	170662728
LHX4	ENSG00000121454	Homeodomain	Homeodomain	chr1	180230264	180278984	+	180230264
LHX9	ENSG00000143355	Homeodomain	Homeodomain	chr1	197911902	197935478	+	197911902
HLX	ENSG00000136630	Homeodomain	Homeodomain	chr1	220879431	220885059	+	220879431
MIXL1	ENSG00000185155	Homeodomain	Homeodomain	chr1	226223618	226227060	+	226223618
MKX	ENSG00000150051	Homeodomain	Homeodomain	chr10	27672874	27746060	-	27746060
DRGX	ENSG00000165606	Homeodomain	Homeodomain	chr10	49364066	49396089	-	49396089
HHEX	ENSG00000152804	Homeodomain	Homeodomain	chr10	92689955	92695647	+	92689955
NKX2-3	ENSG00000119919	Homeodomain	Homeodomain	chr10	99532942	99536524	+	99532942
PITX3	ENSG00000107859	Homeodomain	Homeodomain	chr10	102230189	102241512	-	102241512
VAX1	ENSG00000148704	Homeodomain	Homeodomain	chr10	117128521	117138301	-	117138301
EMX2	ENSG00000170370	Homeodomain	Homeodomain	chr10	117542445	117549546	+	117542445
NKX1-2	ENSG00000229544	Homeodomain	Homeodomain	chr10	124445243	124450035	-	124450035
NKX6-2	ENSG00000148826	Homeodomain	Homeodomain	chr10	132783179	132786147	-	132786147
VENTX	ENSG00000151650	Homeodomain	Homeodomain	chr10	133237855	133241928	+	133237855
DBX1	ENSG00000109851	Homeodomain	Homeodomain	chr11	20156155	20160475	-	20160475
ALX4	ENSG00000052850	Homeodomain	Homeodomain	chr11	44260440	44310139	-	44310139
PHOX2A	ENSG00000165462	Homeodomain	Homeodomain	chr11	72239077	72245664	-	72245664
BSX	ENSG00000188909	Homeodomain	Homeodomain	chr11	122977570	122981834	-	122981834
PKNOX2	ENSG00000165495	Homeodomain	Homeodomain	chr11	125164687	125433389	+	125164687
BARX2	ENSG00000043039	Homeodomain	Homeodomain	chr11	129375848	129452279	+	129375848
DBX2	ENSG00000185610	Homeodomain	Homeodomain	chr12	45014672	45051099	-	45051099
ALX1	ENSG00000180318	Homeodomain	Homeodomain	chr12	85280220	85301784	+	85280220
LHX5	ENSG00000089116	Homeodomain	Homeodomain	chr12	113462033	113472280	-	113472280
HNF1A	ENSG00000135100	Homeodomain	Homeodomain	chr12	120978543	121002512	+	120978543
ANHX	ENSG00000227059	Homeodomain	Homeodomain	chr12	133218312	133235877	-	133235877
HOMEZ	ENSG00000215271	Homeodomain	Homeodomain	chr14	23272422	23299796	-	23299796
ZFHX2	ENSG00000136367	Homeodomain	Homeodomain	chr14	23520857	23556192	-	23556192
OTX2	ENSG00000165588	Homeodomain	Homeodomain	chr14	56799905	56816693	-	56816693
VSX2	ENSG00000119614	Homeodomain	Homeodomain	chr14	74239449	74262738	+	74239449
GSC	ENSG00000133937	Homeodomain	Homeodomain	chr14	94768223	94770113	-	94770113
NANOGP8	ENSG00000255192	Homeodomain	Homeodomain	chr15	35083410	35085295	-	35085295
MEIS2	ENSG00000134138	Homeodomain	Homeodomain	chr15	36889204	37101299	-	37101299
ISL2	ENSG00000159556	Homeodomain	Homeodomain	chr15	76336773	76342475	+	76336773
SEBOX	ENSG00000274529	Homeodomain	Homeodomain	chr17	28363506	28365199	-	28365199
LHX1	ENSG00000273706	Homeodomain	Homeodomain	chr17	36936785	36944612	+	36936785
HNF1B	ENSG00000275410	Homeodomain	Homeodomain	chr17	37686431	37745059	-	37745059
MEOX1	ENSG00000005102	Homeodomain	Homeodomain	chr17	43640389	43661922	-	43661922
TGIF1	ENSG00000177426	Homeodomain	Homeodomain	chr18	3411608	3459978	+	3411608
RAX	ENSG00000134438	Homeodomain	Homeodomain	chr18	59267035	59274086	-	59274086
ADNP2	ENSG00000101544	Homeodomain	Homeodomain	chr18	80109262	80147523	+	80109262
RAX2	ENSG00000173976	Homeodomain	Homeodomain	chr19	3769089	3772228	-	3772228
PBX4	ENSG00000105717	Homeodomain	Homeodomain	chr19	19561707	19618693	-	19618693
LEUTX	ENSG00000213921	Homeodomain	Homeodomain	chr19	39776595	39786291	+	39776595
SIX5	ENSG00000177045	Homeodomain	Homeodomain	chr19	45764785	45769252	-	45769252
MEIS3	ENSG00000105419	Homeodomain	Homeodomain	chr19	47403124	47419527	-	47419527
DPRX	ENSG00000204595	Homeodomain	Homeodomain	chr19	53600777	53637014	+	53600777
DUXA	ENSG00000258873	Homeodomain	Homeodomain	chr19	57154021	57167485	-	57167485
OTX1	ENSG00000115507	Homeodomain	Homeodomain	chr2	63050057	63057836	+	63050057
MEIS1	ENSG00000143995	Homeodomain	Homeodomain	chr2	66433452	66573869	+	66433452
VAX2	ENSG00000116035	Homeodomain	Homeodomain	chr2	70900576	70965373	+	70900576
EMX1	ENSG00000135638	Homeodomain	Homeodomain	chr2	72916260	72936071	+	72916260
NOTO	ENSG00000214513	Homeodomain	Homeodomain	chr2	73202574	73212513	+	73202574
LBX2	ENSG00000179528	Homeodomain	Homeodomain	chr2	74497517	74503316	-	74503316
TLX2	ENSG00000115297	Homeodomain	Homeodomain	chr2	74513463	74517148	+	74513463
EN1	ENSG00000163064	Homeodomain	Homeodomain	chr2	118842171	118847648	-	118847648
EVX2	ENSG00000174279	Homeodomain	Homeodomain	chr2	176077472	176083962	-	176083962
GBX2	ENSG00000168505	Homeodomain	Homeodomain	chr2	236165236	236168386	-	236168386
VSX1	ENSG00000100987	Homeodomain	Homeodomain	chr20	25070885	25082141	-	25082141
TGIF2	ENSG00000118707	Homeodomain	Homeodomain	chr20	36573488	36593950	+	36573488
ZHX3	ENSG00000174306	Homeodomain	Homeodomain	chr20	41178448	41317731	-	41317731
ADNP	ENSG00000101126	Homeodomain	Homeodomain	chr20	50888916	50931437	-	50931437
PKNOX1	ENSG00000160199	Homeodomain	Homeodomain	chr21	42974510	43033931	+	42974510
GSC2	ENSG00000063515	Homeodomain	Homeodomain	chr22	19146993	19150292	-	19150292
ISX	ENSG00000175329	Homeodomain	Homeodomain	chr22	35066136	35087387	+	35066136
HESX1	ENSG00000163666	Homeodomain	Homeodomain	chr3	57197838	57227606	-	57227606
ARGFX	ENSG00000186103	Homeodomain	Homeodomain	chr3	121567949	121590622	+	121567949
SHOX2	ENSG00000168779	Homeodomain	Homeodomain	chr3	158095905	158106420	-	158106420
NKX1-1	ENSG00000235608	Homeodomain	Homeodomain	chr4	1402932	1406442	-	1406442
MSX1	ENSG00000163132	Homeodomain	Homeodomain	chr4	4859665	4863936	+	4859665
HMX1	ENSG00000215612	Homeodomain	Homeodomain	chr4	8846076	8871839	-	8871839
NKX3-2	ENSG00000109705	Homeodomain	Homeodomain	chr4	13540830	13544508	-	13544508
PHOX2B	ENSG00000109132	Homeodomain	Homeodomain	chr4	41744082	41748725	-	41748725
GSX2	ENSG00000180613	Homeodomain	Homeodomain	chr4	54099523	54102498	+	54099523
NKX6-1	ENSG00000163623	Homeodomain	Homeodomain	chr4	84491985	84499292	-	84499292
PITX2	ENSG00000164093	Homeodomain	Homeodomain	chr4	110617423	110642123	-	110642123
DUX4	ENSG00000260596	Homeodomain	Homeodomain	chr4	190173774	190185942	+	190173774
ISL1	ENSG00000016082	Homeodomain	Homeodomain	chr5	51383448	51394730	+	51383448
OTP	ENSG00000171540	Homeodomain	Homeodomain	chr5	77628712	77638713	-	77638713
PITX1	ENSG00000069011	Homeodomain	Homeodomain	chr5	135027734	135034813	-	135034813
CDX1	ENSG00000113722	Homeodomain	Homeodomain	chr5	150166778	150184558	+	150166778
TLX3	ENSG00000164438	Homeodomain	Homeodomain	chr5	171309248	171312139	+	171309248
NKX2-5	ENSG00000183072	Homeodomain	Homeodomain	chr5	173232109	173235311	-	173235311
MSX2	ENSG00000120149	Homeodomain	Homeodomain	chr5	174724582	174730896	+	174724582
PROP1	ENSG00000175325	Homeodomain	Homeodomain	chr5	177992235	177996242	-	177996242
PBX2	ENSG00000204304	Homeodomain	Homeodomain	chr6	32184733	32190202	-	32190202
UNCX	ENSG00000164853	Homeodomain	Homeodomain	chr7	1232872	1237326	+	1232872
MEOX2	ENSG00000106511	Homeodomain	Homeodomain	chr7	15611212	15686683	-	15686683
EVX1	ENSG00000106038	Homeodomain	Homeodomain	chr7	27242700	27250493	+	27242700
NOBOX	ENSG00000106410	Homeodomain	Homeodomain	chr7	144397240	144410227	-	144410227
GBX1	ENSG00000164900	Homeodomain	Homeodomain	chr7	151148009	151174745	-	151174745
EN2	ENSG00000164778	Homeodomain	Homeodomain	chr7	155458129	155464831	+	155458129
MNX1	ENSG00000130675	Homeodomain	Homeodomain	chr7	156994051	157010663	-	157010663
HMBOX1	ENSG00000147421	Homeodomain	Homeodomain	chr8	28890395	29064764	+	28890395
NKX6-3	ENSG00000165066	Homeodomain	Homeodomain	chr8	41645177	41650817	-	41650817
ZHX2	ENSG00000178764	Homeodomain	Homeodomain	chr8	122781655	122974510	+	122781655
ZHX1	ENSG00000165156	Homeodomain	Homeodomain	chr8	123248451	123275541	-	123275541
BARX1	ENSG00000131668	Homeodomain	Homeodomain	chr9	93951627	93955355	-	93955355
LHX6	ENSG00000106852	Homeodomain	Homeodomain	chr9	122202577	122229626	-	122229626
LHX2	ENSG00000106689	Homeodomain	Homeodomain	chr9	124001670	124033301	+	124001670
PBX3	ENSG00000167081	Homeodomain	Homeodomain	chr9	125747345	125967377	+	125747345
LMX1B	ENSG00000136944	Homeodomain	Homeodomain	chr9	126613928	126701032	+	126613928
PRRX2	ENSG00000167157	Homeodomain	Homeodomain	chr9	129665647	129722674	+	129665647
BARHL1	ENSG00000125492	Homeodomain	Homeodomain	chr9	132582606	132590252	+	132582606
LHX3	ENSG00000107187	Homeodomain	Homeodomain	chr9	136196250	136205128	-	136205128
SHOX	ENSG00000185960	Homeodomain	Homeodomain	chrX	624344	659411	+	624344
ARX	ENSG00000004848	Homeodomain	Homeodomain	chrX	25003694	25016420	-	25016420
CDX4	ENSG00000131264	Homeodomain	Homeodomain	chrX	73447053	73455171	+	73447053
HDX	ENSG00000165259	Homeodomain	Homeodomain	chrX	84317874	84502479	-	84502479
TGIF2LX	ENSG00000153779	Homeodomain	Homeodomain	chrX	89921908	89922883	+	89921908
ESX1	ENSG00000123576	Homeodomain	Homeodomain	chrX	104250038	104254933	-	104254933
TGIF2LY	ENSG00000176679	Homeodomain	Homeodomain	chrY	3579067	3580041	+	3579067
POU3F1	ENSG00000185668	Homeodomain; POU	Homeodomain; POU	chr1	38043829	38046793	-	38046793
POU2F1	ENSG00000143190	Homeodomain; POU	Homeodomain; POU	chr1	167220876	167427345	+	167220876
POU2F3	ENSG00000137709	Homeodomain; POU	Homeodomain; POU	chr11	120236640	120319945	+	120236640
POU6F1	ENSG00000184271	Homeodomain; POU	Homeodomain; POU	chr12	51186936	51218062	-	51218062
POU4F1	ENSG00000152192	Homeodomain; POU	Homeodomain; POU	chr13	78598362	78603552	-	78603552
POU2F2	ENSG00000028277	Homeodomain; POU	Homeodomain; POU	chr19	42086110	42196585	-	42196585
POU3F3	ENSG00000198914	Homeodomain; POU	Homeodomain; POU	chr2	104853287	104858574	+	104853287
POU1F1	ENSG00000064835	Homeodomain; POU	Homeodomain; POU	chr3	87259404	87276584	-	87276584
POU4F2	ENSG00000151615	Homeodomain; POU	Homeodomain; POU	chr4	146638893	146642474	+	146638893
POU5F2	ENSG00000248483	Homeodomain; POU	Homeodomain; POU	chr5	93733220	93741600	-	93741600
POU4F3	ENSG00000091010	Homeodomain; POU	Homeodomain; POU	chr5	146338839	146341728	+	146338839
POU5F1	ENSG00000204531	Homeodomain; POU	Homeodomain; POU	chr6	31164337	31180731	-	31180731
POU3F2	ENSG00000184486	Homeodomain; POU	Homeodomain; POU	chr6	98834574	98839458	+	98834574
POU6F2	ENSG00000106536	Homeodomain; POU	Homeodomain; POU	chr7	38977909	39493095	+	38977909
POU5F1B	ENSG00000212993	Homeodomain; POU	Homeodomain; POU	chr8	127322183	127420066	+	127322183
POU3F4	ENSG00000196767	Homeodomain; POU	Homeodomain; POU	chrX	83508290	83512127	+	83508290
PAX7	ENSG00000009709	Homeodomain; Paired box	Homeodomain; Paired box	chr1	18630846	18748866	+	18630846
PAX2	ENSG00000075891	Homeodomain; Paired box	Homeodomain; Paired box	chr10	100735396	100829944	+	100735396
PAX6	ENSG00000007372	Homeodomain; Paired box	Homeodomain; Paired box	chr11	31784779	31817961	-	31817961
PAX3	ENSG00000135903	Homeodomain; Paired box	Homeodomain; Paired box	chr2	222199887	222298998	-	222298998
PAX4	ENSG00000106331	Homeodomain; Paired box	Homeodomain; Paired box	chr7	127610292	127618142	-	127618142
IRF6	ENSG00000117595	IRF	IRF	chr1	209785617	209806175	-	209806175
IRF7	ENSG00000185507	IRF	IRF	chr11	612553	615983	-	615983
IRF9	ENSG00000213928	IRF	IRF	chr14	24161234	24168043	+	24161234
IRF8	ENSG00000140968	IRF	IRF	chr16	85899116	85922606	+	85899116
IRF3	ENSG00000126456	IRF	IRF	chr19	49659569	49665875	-	49665875
IRF2	ENSG00000168310	IRF	IRF	chr4	184385702	184474558	-	184474558
IRF1	ENSG00000125347	IRF	IRF	chr5	132440440	132508719	-	132508719
IRF4	ENSG00000137265	IRF	IRF	chr6	391739	411443	+	391739
IRF5	ENSG00000128604	IRF	IRF	chr7	128937457	128950038	+	128937457
MSANTD1	ENSG00000188981	MADF	MADF	chr4	3244369	3271738	+	3244369
MSANTD3	ENSG00000066697	MADF	MADF	chr9	100427143	100451734	+	100427143
NAIF1	ENSG00000171169	MADF	MADF	chr9	128061233	128068206	-	128068206
MEF2D	ENSG00000116604	MADS box	MADS box	chr1	156463727	156500779	-	156500779
MEF2A	ENSG00000068305	MADS box	MADS box	chr15	99565417	99716488	+	99565417
MEF2C	ENSG00000081189	MADS box	MADS box	chr5	88717117	88904257	-	88904257
SRF	ENSG00000112658	MADS box	MADS box	chr6	43171269	43181506	+	43171269
SETDB1	ENSG00000143379	MBD	MBD	chr1	150926263	150964744	+	150926263
MBD6	ENSG00000166987	MBD	MBD	chr12	57520710	57530148	+	57520710
SETDB2	ENSG00000136169	MBD	MBD	chr13	49444274	49495003	+	49444274
MBD2	ENSG00000134046	MBD	MBD	chr18	54151606	54224669	-	54224669
MBD3	ENSG00000071655	MBD	MBD	chr19	1573596	1592865	-	1592865
PIN1	ENSG00000127445	MBD	MBD	chr19	9835257	9849689	+	9835257
BAZ2B	ENSG00000123636	MBD	MBD	chr2	159318979	159616569	-	159616569
MBD4	ENSG00000129071	MBD	MBD	chr3	129430947	129440179	-	129440179
BAZ2A	ENSG00000076108	MBD; AT hook	MBD; AT hook	chr12	56595596	56636816	-	56636816
MECP2	ENSG00000169057	MBD; AT hook	MBD; AT hook	chrX	154021573	154137103	-	154137103
MYSM1	ENSG00000162601	Myb/SANT	Myb/SANT	chr1	58643440	58700090	-	58700090
ZZZ3	ENSG00000036549	Myb/SANT	Myb/SANT	chr1	77562416	77683419	-	77683419
MSANTD4	ENSG00000170903	Myb/SANT	Myb/SANT	chr11	105995623	106022403	-	106022403
TERB1	ENSG00000249961	Myb/SANT	Myb/SANT	chr16	66754640	66801620	-	66801620
TERF2	ENSG00000132604	Myb/SANT	Myb/SANT	chr16	69355567	69408571	-	69408571
MYPOP	ENSG00000176182	Myb/SANT	Myb/SANT	chr19	45890023	45902613	-	45902613
MYBL2	ENSG00000101057	Myb/SANT	Myb/SANT	chr20	43667019	43716495	+	43667019
CDC5L	ENSG00000096401	Myb/SANT	Myb/SANT	chr6	44387706	44450425	+	44387706
MYB	ENSG00000118513	Myb/SANT	Myb/SANT	chr6	135181308	135219173	+	135181308
DMTF1	ENSG00000135164	Myb/SANT	Myb/SANT	chr7	87152409	87196337	+	87152409
MYBL1	ENSG00000185697	Myb/SANT	Myb/SANT	chr8	66562175	66614247	-	66614247
TERF1	ENSG00000147601	Myb/SANT	Myb/SANT	chr8	73008856	73048123	+	73008856
TTF1	ENSG00000125482	Myb/SANT	Myb/SANT	chr9	132375548	132406851	-	132406851
SNAPC4	ENSG00000165684	Myb/SANT	Myb/SANT	chr9	136375567	136400176	-	136400176
NFXL1	ENSG00000170448	NFX	NFX	chr4	47847233	47914667	-	47914667
NFX1	ENSG00000086102	NFX	NFX	chr9	33290512	33371157	+	33290512
MYRF	ENSG00000124920	Ndt80/PhoG	Ndt80/PhoG	chr11	61752636	61788518	+	61752636
MYRFL	ENSG00000166268	Ndt80/PhoG	Ndt80/PhoG	chr12	69825227	69959097	+	69825227
RORC	ENSG00000143365	Nuclear receptor	Nuclear receptor	chr1	151806071	151831845	-	151831845
NR1I3	ENSG00000143257	Nuclear receptor	Nuclear receptor	chr1	161229666	161238244	-	161238244
RXRG	ENSG00000143171	Nuclear receptor	Nuclear receptor	chr1	165400922	165445355	-	165445355
NR5A2	ENSG00000116833	Nuclear receptor	Nuclear receptor	chr1	200027614	200177420	+	200027614
ESRRG	ENSG00000196482	Nuclear receptor	Nuclear receptor	chr1	216503246	217137755	-	217137755
NR1H3	ENSG00000025434	Nuclear receptor	Nuclear receptor	chr11	47248300	47269033	+	47248300
ESRRA	ENSG00000173153	Nuclear receptor	Nuclear receptor	chr11	64305497	64316743	+	64305497
PGR	ENSG00000082175	Nuclear receptor	Nuclear receptor	chr11	101029624	101129813	-	101129813
VDR	ENSG00000111424	Nuclear receptor	Nuclear receptor	chr12	47841537	47943048	-	47943048
NR4A1	ENSG00000123358	Nuclear receptor	Nuclear receptor	chr12	52022832	52059507	+	52022832
RARG	ENSG00000172819	Nuclear receptor	Nuclear receptor	chr12	53210567	53232980	-	53232980
NR2C1	ENSG00000120798	Nuclear receptor	Nuclear receptor	chr12	95020229	95073628	-	95073628
NR1H4	ENSG00000012504	Nuclear receptor	Nuclear receptor	chr12	100473708	100564414	+	100473708
ESR2	ENSG00000140009	Nuclear receptor	Nuclear receptor	chr14	64084232	64338112	-	64338112
ESRRB	ENSG00000119715	Nuclear receptor	Nuclear receptor	chr14	76310712	76501837	+	76310712
RORA	ENSG00000069667	Nuclear receptor	Nuclear receptor	chr15	60488284	61229302	-	61229302
NR2E3	ENSG00000278570	Nuclear receptor	Nuclear receptor	chr15	71792638	71818259	+	71792638
NR2F2	ENSG00000185551	Nuclear receptor	Nuclear receptor	chr15	96325938	96340263	+	96325938
RARA	ENSG00000131759	Nuclear receptor	Nuclear receptor	chr17	40309180	40357643	+	40309180
NR2F6	ENSG00000160113	Nuclear receptor	Nuclear receptor	chr19	17231883	17245919	-	17245919
NR1H2	ENSG00000131408	Nuclear receptor	Nuclear receptor	chr19	50329653	50383388	+	50329653
NR4A2	ENSG00000153234	Nuclear receptor	Nuclear receptor	chr2	156324437	156342348	-	156342348
HNF4A	ENSG00000101076	Nuclear receptor	Nuclear receptor	chr20	44355699	44432845	+	44355699
PPARA	ENSG00000186951	Nuclear receptor	Nuclear receptor	chr22	46150521	46243755	+	46150521
PPARG	ENSG00000132170	Nuclear receptor	Nuclear receptor	chr3	12287368	12434356	+	12287368
NR2C2	ENSG00000177463	Nuclear receptor	Nuclear receptor	chr3	14947583	15053600	+	14947583
NR1I2	ENSG00000144852	Nuclear receptor	Nuclear receptor	chr3	119780484	119818487	+	119780484
NR3C2	ENSG00000151623	Nuclear receptor	Nuclear receptor	chr4	148078762	148444698	-	148444698
NR2F1	ENSG00000175745	Nuclear receptor	Nuclear receptor	chr5	93583222	93594611	+	93583222
NR3C1	ENSG00000113580	Nuclear receptor	Nuclear receptor	chr5	143277931	143435512	-	143435512
RXRB	ENSG00000204231	Nuclear receptor	Nuclear receptor	chr6	33193588	33200665	-	33200665
PPARD	ENSG00000112033	Nuclear receptor	Nuclear receptor	chr6	35342558	35428191	+	35342558
NR2E1	ENSG00000112333	Nuclear receptor	Nuclear receptor	chr6	108166022	108188805	+	108166022
ESR1	ENSG00000091831	Nuclear receptor	Nuclear receptor	chr6	151656691	152129619	+	151656691
HNF4G	ENSG00000164749	Nuclear receptor	Nuclear receptor	chr8	75407914	75566834	+	75407914
RORB	ENSG00000198963	Nuclear receptor	Nuclear receptor	chr9	74497335	74693177	+	74497335
NR4A3	ENSG00000119508	Nuclear receptor	Nuclear receptor	chr9	99821855	99866891	+	99821855
RXRA	ENSG00000186350	Nuclear receptor	Nuclear receptor	chr9	134317098	134440585	+	134317098
AR	ENSG00000169083	Nuclear receptor	Nuclear receptor	chrX	67544021	67730619	+	67544021
PAX9	ENSG00000198807	Paired box	Paired box	chr14	36657568	36679362	+	36657568
PAX8	ENSG00000125618	Paired box	Paired box	chr2	113215997	113278921	-	113278921
PAX1	ENSG00000125813	Paired box	Paired box	chr20	21705659	21718481	+	21705659
PAX5	ENSG00000196092	Paired box	Paired box	chr9	36833269	37034268	-	37034268
LCOR	ENSG00000196233	Pipsqueak	Pipsqueak	chr10	96832254	96995956	+	96832254
LCORL	ENSG00000178177	Pipsqueak	Pipsqueak	chr4	17841187	18021876	-	18021876
PROX1	ENSG00000117707	Prospero	Prospero	chr1	213983181	214041510	+	213983181
PROX2	ENSG00000119608	Prospero	Prospero	chr14	74852871	74876154	-	74876154
RFX5	ENSG00000143390	RFX	RFX	chr1	151340640	151347326	-	151347326
RFX4	ENSG00000111783	RFX	RFX	chr12	106583004	106762803	+	106583004
RFX7	ENSG00000181827	RFX	RFX	chr15	56087280	56245082	-	56245082
RFX2	ENSG00000087903	RFX	RFX	chr19	5993164	6199572	-	6199572
RFX1	ENSG00000132005	RFX	RFX	chr19	13961530	14007039	-	14007039
RFX8	ENSG00000196460	RFX	RFX	chr2	101397359	101475112	-	101475112
RFX6	ENSG00000185002	RFX	RFX	chr6	116877212	116932161	+	116877212
RFX3	ENSG00000080298	RFX	RFX	chr9	3218297	3526004	-	3526004
NFKB2	ENSG00000077150	Rel	Rel	chr10	102394110	102402524	+	102394110
RELA	ENSG00000173039	Rel	Rel	chr11	65653599	65663090	-	65663090
NFATC4	ENSG00000100968	Rel	Rel	chr14	24365673	24379604	+	24365673
NFATC3	ENSG00000072736	Rel	Rel	chr16	68084751	68229259	+	68084751
NFAT5	ENSG00000102908	Rel	Rel	chr16	69565094	69704666	+	69565094
NFATC1	ENSG00000131196	Rel	Rel	chr18	79395856	79529325	+	79395856
RELB	ENSG00000104856	Rel	Rel	chr19	45001461	45038192	+	45001461
REL	ENSG00000162924	Rel	Rel	chr2	60881491	60931612	+	60881491
NFATC2	ENSG00000101096	Rel	Rel	chr20	51386957	51562831	-	51562831
NFKB1	ENSG00000109320	Rel	Rel	chr4	102501330	102617302	+	102501330
RUNX3	ENSG00000020633	Runt	Runt	chr1	24899511	24965121	-	24965121
RUNX1	ENSG00000159216	Runt	Runt	chr21	34787801	36004667	-	36004667
RUNX2	ENSG00000124813	Runt	Runt	chr6	45328157	45664349	+	45328157
GMEB1	ENSG00000162419	SAND	SAND	chr1	28668778	28719353	+	28668778
DEAF1	ENSG00000177030	SAND	SAND	chr11	644233	707118	-	707118
SKOR2	ENSG00000215474	SAND	SAND	chr18	47206169	47251660	-	47251660
GMEB2	ENSG00000101216	SAND	SAND	chr20	63587602	63627101	-	63627101
AIRE	ENSG00000160224	SAND	SAND	chr21	44285838	44298648	+	44285838
ZSCAN20	ENSG00000121903	C2H2 ZF	SCAN-ZNF	chr1	33472645	33501643	+	33472645
ZSCAN29	ENSG00000140265	C2H2 ZF	SCAN-ZNF	chr15	43358172	43371043	-	43371043
ZSCAN2	ENSG00000176371	C2H2 ZF	SCAN-ZNF	chr15	84600986	84627796	+	84600986
ZSCAN10	ENSG00000130182	C2H2 ZF	SCAN-ZNF	chr16	3088890	3099295	-	3099295
ZNF232	ENSG00000167840	C2H2 ZF	SCAN-ZNF	chr17	5105269	5123162	-	5123162
ZNF444	ENSG00000167685	C2H2 ZF	SCAN-ZNF	chr19	56132599	56160893	+	56132599
PEG3	ENSG00000198300	C2H2 ZF	SCAN-ZNF	chr19	56810077	56840728	-	56840728
ZSCAN4	ENSG00000180532	C2H2 ZF	SCAN-ZNF	chr19	57668935	57679152	+	57668935
ZSCAN22	ENSG00000182318	C2H2 ZF	SCAN-ZNF	chr19	58326994	58342332	+	58326994
MZF1	ENSG00000099326	C2H2 ZF	SCAN-ZNF	chr19	58561931	58573575	-	58573575
ZSCAN9	ENSG00000137185	C2H2 ZF	SCAN-ZNF	chr6	28224886	28233487	+	28224886
ZSCAN26	ENSG00000197062	C2H2 ZF	SCAN-ZNF	chr6	28267058	28278224	+	28267058
ZSCAN21	ENSG00000166529	C2H2 ZF	SCAN-ZNF	chr7	100049774	100065040	+	100049774
ZNF449	ENSG00000173275	C2H2 ZF	SCAN-ZNF	chrX	135344796	135363413	+	135344796
NFIA	ENSG00000162599	SMAD	SMAD	chr1	60865259	61462788	+	60865259
SMAD9	ENSG00000120693	SMAD	SMAD	chr13	36844831	36920887	-	36920887
SMAD3	ENSG00000166949	SMAD	SMAD	chr15	67063763	67195173	+	67063763
SMAD4	ENSG00000141646	SMAD	SMAD	chr18	51028528	51085045	+	51028528
NFIC	ENSG00000141905	SMAD	SMAD	chr19	3314403	3469217	+	3314403
NFIX	ENSG00000008441	SMAD	SMAD	chr19	12995475	13098796	+	12995475
SMAD1	ENSG00000170365	SMAD	SMAD	chr4	145481194	145559176	+	145481194
SMAD5	ENSG00000113658	SMAD	SMAD	chr5	136132845	136188747	+	136132845
NFIB	ENSG00000147862	SMAD	SMAD	chr9	14081843	14398983	-	14398983
STAT2	ENSG00000170581	STAT	STAT	chr12	56341597	56360203	-	56360203
STAT6	ENSG00000166888	STAT	STAT	chr12	57095408	57132139	-	57132139
TBX15	ENSG00000092607	T-box	T-box	chr1	118883046	118989556	-	118989556
TBX19	ENSG00000143178	T-box	T-box	chr1	168280877	168314426	+	168280877
TBX10	ENSG00000167800	T-box	T-box	chr11	67631303	67639763	-	67639763
MGA	ENSG00000174197	T-box	T-box	chr15	41621134	41773081	+	41621134
TBX6	ENSG00000149922	T-box	T-box	chr16	30085793	30091924	-	30091924
TBX21	ENSG00000073861	T-box	T-box	chr17	47733236	47746122	+	47733236
TBR1	ENSG00000136535	T-box	T-box	chr2	161416297	161425870	+	161416297
TBX1	ENSG00000184058	T-box	T-box	chr22	19756703	19783593	+	19756703
EOMES	ENSG00000163508	T-box	T-box	chr3	27715949	27722711	-	27722711
TBX18	ENSG00000112837	T-box	T-box	chr6	84687351	84764598	-	84764598
T	ENSG00000164458	T-box	T-box	chr6	166157656	166168700	-	166168700
TBX20	ENSG00000164532	T-box	T-box	chr7	35202430	35254100	-	35254100
TBX22	ENSG00000122145	T-box	T-box	chrX	80014753	80031774	+	80014753
TBPL2	ENSG00000182521	TBP	TBP	chr14	55414210	55456726	-	55456726
TBPL1	ENSG00000028839	TBP	TBP	chr6	133952170	133990432	+	133952170
TBP	ENSG00000112592	TBP	TBP	chr6	170554302	170572870	+	170554302
TEAD1	ENSG00000187079	TEA	TEA	chr11	12674421	12944737	+	12674421
TEAD4	ENSG00000197905	TEA	TEA	chr12	2959330	3040676	+	2959330
TEAD2	ENSG00000074219	TEA	TEA	chr19	49340595	49362457	-	49362457
TEAD3	ENSG00000007866	TEA	TEA	chr6	35473597	35497079	-	35497079
THAP3	ENSG00000041988	THAP finger	THAP finger	chr1	6624868	6635586	+	6624868
THAP12	ENSG00000137492	THAP finger	THAP finger	chr11	76349898	76381132	-	76381132
THAP2	ENSG00000173451	THAP finger	THAP finger	chr12	71664301	71680644	+	71664301
THAP10	ENSG00000129028	THAP finger	THAP finger	chr15	70881342	70892433	-	70892433
THAP11	ENSG00000168286	THAP finger	THAP finger	chr16	67842320	67844195	+	67842320
THAP8	ENSG00000161277	THAP finger	THAP finger	chr19	36034984	36054739	-	36054739
THAP4	ENSG00000176946	THAP finger	THAP finger	chr2	241584405	241637158	-	241637158
THAP7	ENSG00000184436	THAP finger	THAP finger	chr22	20999104	21002196	-	21002196
THAP6	ENSG00000174796	THAP finger	THAP finger	chr4	75513946	75550473	+	75513946
THAP9	ENSG00000168152	THAP finger	THAP finger	chr4	82900684	82919969	+	82900684
THAP5	ENSG00000177683	THAP finger	THAP finger	chr7	108554543	108569750	-	108569750
THAP1	ENSG00000131931	THAP finger	THAP finger	chr8	42836674	42843325	-	42843325
HES4	ENSG00000188290	bHLH	bHLH	chr1	998962	1000172	-	1000172
HES5	ENSG00000197921	bHLH	bHLH	chr1	2528745	2530263	-	2530263
HES3	ENSG00000173673	bHLH	bHLH	chr1	6244179	6245578	+	6244179
HES2	ENSG00000069812	bHLH	bHLH	chr1	6412418	6424670	-	6424670
HEYL	ENSG00000163909	bHLH	bHLH	chr1	39623435	39639643	-	39639643
MYCL	ENSG00000116990	bHLH	bHLH	chr1	39895428	39902256	-	39902256
TAL1	ENSG00000162367	bHLH	bHLH	chr1	47216290	47232225	-	47232225
NHLH2	ENSG00000177551	bHLH	bHLH	chr1	115836377	115843917	-	115843917
ARNT	ENSG00000143437	bHLH	bHLH	chr1	150809713	150876708	-	150876708
NHLH1	ENSG00000171786	bHLH	bHLH	chr1	160367071	160372846	+	160367071
USF1	ENSG00000158773	bHLH	bHLH	chr1	161039251	161045977	-	161045977
ASCL5	ENSG00000232237	bHLH	bHLH	chr1	201113943	201127184	-	201127184
MYOG	ENSG00000122180	bHLH	bHLH	chr1	203083129	203086012	-	203086012
PTF1A	ENSG00000168267	bHLH	bHLH	chr10	23192312	23194245	+	23192312
ATOH7	ENSG00000179774	bHLH	bHLH	chr10	68230595	68232113	-	68232113
NEUROG3	ENSG00000122859	bHLH	bHLH	chr10	69571698	69573422	-	69573422
MXI1	ENSG00000119950	bHLH	bHLH	chr10	110207605	110287365	+	110207605
ASCL2	ENSG00000183734	bHLH	bHLH	chr11	2268498	2270588	-	2270588
ASCL3	ENSG00000176009	bHLH	bHLH	chr11	8937578	8943016	-	8943016
ARNTL	ENSG00000133794	bHLH	bHLH	chr11	13276652	13387266	+	13276652
MYOD1	ENSG00000129152	bHLH	bHLH	chr11	17719571	17722136	+	17719571
NPAS4	ENSG00000174576	bHLH	bHLH	chr11	66421035	66426707	+	66421035
BHLHE41	ENSG00000123095	bHLH	bHLH	chr12	26120030	26125037	-	26125037
ARNTL2	ENSG00000029153	bHLH	bHLH	chr12	27332836	27425289	+	27332836
NEUROD4	ENSG00000123307	bHLH	bHLH	chr12	55019974	55030017	+	55019974
ASCL1	ENSG00000139352	bHLH	bHLH	chr12	102957674	102960513	+	102957674
ASCL4	ENSG00000187855	bHLH	bHLH	chr12	107774704	107776644	+	107774704
MLXIP	ENSG00000175727	bHLH	bHLH	chr12	122078756	122147344	+	122078756
NPAS3	ENSG00000151322	bHLH	bHLH	chr14	32934396	33820863	+	32934396
HIF1A	ENSG00000100644	bHLH	bHLH	chr14	61695513	61748259	+	61695513
MAX	ENSG00000125952	bHLH	bHLH	chr14	65006174	65102695	-	65102695
TCF12	ENSG00000140262	bHLH	bHLH	chr15	56918623	57299281	+	56918623
ARNT2	ENSG00000172379	bHLH	bHLH	chr15	80404350	80597933	+	80404350
TFAP4	ENSG00000090447	bHLH	bHLH	chr16	4257186	4273075	-	4273075
BHLHA9	ENSG00000205899	bHLH	bHLH	chr17	1270444	1271815	+	1270444
MNT	ENSG00000070444	bHLH	bHLH	chr17	2384073	2401104	-	2401104
HES7	ENSG00000179111	bHLH	bHLH	chr17	8120592	8124106	-	8124106
SREBF1	ENSG00000072310	bHLH	bHLH	chr17	17810399	17837002	-	17837002
NEUROD2	ENSG00000171532	bHLH	bHLH	chr17	39603536	39609777	-	39609777
MLX	ENSG00000108788	bHLH	bHLH	chr17	42567072	42573239	+	42567072
TCF4	ENSG00000196628	bHLH	bHLH	chr18	55222185	55664787	-	55664787
TCF3	ENSG00000071564	bHLH	bHLH	chr19	1609291	1652615	-	1652615
LYL1	ENSG00000104903	bHLH	bHLH	chr19	13099033	13103161	-	13103161
USF2	ENSG00000105698	bHLH	bHLH	chr19	35268962	35279821	+	35268962
HIF3A	ENSG00000124440	bHLH	bHLH	chr19	46297042	46343433	+	46297042
NPAS1	ENSG00000130751	bHLH	bHLH	chr19	47019837	47045775	+	47019837
MYCN	ENSG00000134323	bHLH	bHLH	chr2	15940550	15947007	+	15940550
MSGN1	ENSG00000151379	bHLH	bHLH	chr2	17816460	17817798	+	17816460
NCOA1	ENSG00000084676	bHLH	bHLH	chr2	24491254	24770702	+	24491254
TCF23	ENSG00000163792	bHLH	bHLH	chr2	27149004	27156974	+	27149004
EPAS1	ENSG00000116016	bHLH	bHLH	chr2	46293667	46386697	+	46293667
MXD1	ENSG00000059728	bHLH	bHLH	chr2	69897688	69942945	+	69897688
FIGLA	ENSG00000183733	bHLH	bHLH	chr2	70777310	70790643	-	70790643
ATOH8	ENSG00000168874	bHLH	bHLH	chr2	85751344	85791383	+	85751344
NPAS2	ENSG00000170485	bHLH	bHLH	chr2	100820139	100996829	+	100820139
NEUROD1	ENSG00000162992	bHLH	bHLH	chr2	181668295	181680827	-	181680827
HES6	ENSG00000144485	bHLH	bHLH	chr2	238238267	238240662	-	238240662
TWIST2	ENSG00000233608	bHLH	bHLH	chr2	238848032	238910534	+	238848032
TCF15	ENSG00000125878	bHLH	bHLH	chr20	604257	610309	-	610309
NCOA3	ENSG00000124151	bHLH	bHLH	chr20	47501887	47656877	+	47501887
TCFL5	ENSG00000101190	bHLH	bHLH	chr20	62841005	62861822	-	62861822
BHLHE23	ENSG00000125533	bHLH	bHLH	chr20	63005927	63007035	-	63007035
SIM2	ENSG00000159263	bHLH	bHLH	chr21	36699115	36749917	+	36699115
SREBF2	ENSG00000198911	bHLH	bHLH	chr22	41833105	41907306	+	41833105
BHLHE40	ENSG00000134107	bHLH	bHLH	chr3	4979437	4985323	+	4979437
MITF	ENSG00000187098	bHLH	bHLH	chr3	69739456	69968336	+	69739456
USF3	ENSG00000176542	bHLH	bHLH	chr3	113648385	113696646	-	113696646
HES1	ENSG00000114315	bHLH	bHLH	chr3	194136148	194138732	+	194136148
MXD4	ENSG00000123933	bHLH	bHLH	chr4	2247432	2262109	-	2262109
CLOCK	ENSG00000134852	bHLH	bHLH	chr4	55427903	55546909	-	55546909
ATOH1	ENSG00000172238	bHLH	bHLH	chr4	93828753	93830964	+	93828753
NEUROG2	ENSG00000178403	bHLH	bHLH	chr4	112513516	112516180	-	112516180
HAND2	ENSG00000164107	bHLH	bHLH	chr4	173524969	173530229	-	173530229
HELT	ENSG00000187821	bHLH	bHLH	chr4	185018490	185020953	+	185018490
AHRR	ENSG00000063438	bHLH	bHLH	chr5	321714	438291	+	321714
NEUROG1	ENSG00000181965	bHLH	bHLH	chr5	135534282	135535964	-	135535964
HAND1	ENSG00000113196	bHLH	bHLH	chr5	154474972	154478227	-	154478227
MXD3	ENSG00000213347	bHLH	bHLH	chr5	177301461	177312757	-	177312757
TFEB	ENSG00000112561	bHLH	bHLH	chr6	41683978	41736259	-	41736259
SIM1	ENSG00000112246	bHLH	bHLH	chr6	100385009	100464921	-	100464921
HEY2	ENSG00000135547	bHLH	bHLH	chr6	125747664	125761269	+	125747664
TCF21	ENSG00000118526	bHLH	bHLH	chr6	133889113	133895553	+	133889113
OLIG3	ENSG00000177468	bHLH	bHLH	chr6	137492199	137494394	-	137494394
AHR	ENSG00000106546	bHLH	bHLH	chr7	16916359	17346152	+	16916359
NEUROD6	ENSG00000164600	bHLH	bHLH	chr7	31337465	31340726	-	31340726
MLXIPL	ENSG00000009950	bHLH	bHLH	chr7	73593194	73624543	-	73624543
BHLHA15	ENSG00000180535	bHLH	bHLH	chr7	98211439	98215457	+	98211439
TFEC	ENSG00000105967	bHLH	bHLH	chr7	115935148	116159896	-	116159896
BHLHE22	ENSG00000180828	bHLH	bHLH	chr8	64580365	64583627	+	64580365
TCF24	ENSG00000261787	bHLH	bHLH	chr8	66946501	66962591	-	66962591
NCOA2	ENSG00000140396	bHLH	bHLH	chr8	70109782	70403808	-	70403808
MSC	ENSG00000178860	bHLH	bHLH	chr8	71841560	71844412	-	71844412
HEY1	ENSG00000164683	bHLH	bHLH	chr8	79762371	79767857	-	79767857
MYC	ENSG00000136997	bHLH	bHLH	chr8	127735434	127742951	+	127735434
SCX	ENSG00000260428	bHLH	bHLH	chr8	144266453	144268481	+	144266453
TAL2	ENSG00000186051	bHLH	bHLH	chr9	105662457	105663124	+	105662457
SOHLH1	ENSG00000165643	bHLH	bHLH	chr9	135693407	135704498	-	135704498
TFE3	ENSG00000068323	bHLH	bHLH	chrX	49028726	49043410	-	49043410
JUN	ENSG00000177606	bZIP	bZIP	chr1	58776845	58784048	-	58784048
CREB3L4	ENSG00000143578	bZIP	bZIP	chr1	153967534	153974361	+	153967534
ATF6	ENSG00000118217	bZIP	bZIP	chr1	161766298	161977574	+	161766298
ATF3	ENSG00000162772	bZIP	bZIP	chr1	212565334	212620777	+	212565334
BATF3	ENSG00000123685	bZIP	bZIP	chr1	212686417	212699840	-	212699840
CREM	ENSG00000095794	bZIP	bZIP	chr10	35126791	35212958	+	35126791
CREB3L1	ENSG00000157613	bZIP	bZIP	chr11	46277662	46321409	+	46277662
BATF2	ENSG00000168062	bZIP	bZIP	chr11	64987945	64997018	-	64997018
FOSL1	ENSG00000175592	bZIP	bZIP	chr11	65892049	65900573	-	65900573
CREBZF	ENSG00000137504	bZIP	bZIP	chr11	85657742	85682908	-	85682908
CREBL2	ENSG00000111269	bZIP	bZIP	chr12	12611827	12645108	+	12611827
ATF1	ENSG00000123268	bZIP	bZIP	chr12	50763710	50821162	+	50763710
NFE2	ENSG00000123405	bZIP	bZIP	chr12	54292111	54301015	-	54301015
DDIT3	ENSG00000175197	bZIP	bZIP	chr12	57516588	57521737	-	57521737
CEBPE	ENSG00000092067	bZIP	bZIP	chr14	23117036	23120256	-	23120256
NRL	ENSG00000129535	bZIP	bZIP	chr14	24078662	24115010	-	24115010
MAF	ENSG00000178573	bZIP	bZIP	chr16	79585843	79600737	-	79600737
NFE2L1	ENSG00000082641	bZIP	bZIP	chr17	48048329	48061545	+	48048329
HLF	ENSG00000108924	bZIP	bZIP	chr17	55264960	55325187	+	55264960
MAFG	ENSG00000197063	bZIP	bZIP	chr17	81918270	81927735	-	81927735
CREB3L3	ENSG00000060566	bZIP	bZIP	chr19	4153631	4173054	+	4153631
JUNB	ENSG00000171223	bZIP	bZIP	chr19	12791486	12793315	+	12791486
JUND	ENSG00000130522	bZIP	bZIP	chr19	18279694	18281622	-	18281622
FOSB	ENSG00000125740	bZIP	bZIP	chr19	45467995	45475179	+	45467995
DBP	ENSG00000105516	bZIP	bZIP	chr19	48630030	48637379	-	48637379
ATF5	ENSG00000169136	bZIP	bZIP	chr19	49928702	49933935	+	49928702
FOSL2	ENSG00000075426	bZIP	bZIP	chr2	28392448	28417317	+	28392448
ATF2	ENSG00000115966	bZIP	bZIP	chr2	175072250	175168382	-	175168382
NFE2L2	ENSG00000116044	bZIP	bZIP	chr2	177218667	177392756	-	177392756
CREB1	ENSG00000118260	bZIP	bZIP	chr2	207529737	207605988	+	207529737
MAFB	ENSG00000204103	bZIP	bZIP	chr20	40685848	40689236	-	40689236
CEBPB	ENSG00000172216	bZIP	bZIP	chr20	50190830	50192668	+	50190830
BACH1	ENSG00000156273	bZIP	bZIP	chr21	29194071	29630751	+	29194071
XBP1	ENSG00000100219	bZIP	bZIP	chr22	28794555	28800597	-	28800597
MAFF	ENSG00000185022	bZIP	bZIP	chr22	38200767	38216507	+	38200767
ATF4	ENSG00000128272	bZIP	bZIP	chr22	39519695	39522683	+	39519695
TEF	ENSG00000167074	bZIP	bZIP	chr22	41367333	41399326	+	41367333
ATF6B	ENSG00000213676	bZIP	bZIP	chr6	32115264	32128253	-	32128253
BACH2	ENSG00000112182	bZIP	bZIP	chr6	89926528	90296843	-	90296843
MAFK	ENSG00000198517	bZIP	bZIP	chr7	1530702	1543043	+	1530702
NFE2L3	ENSG00000050344	bZIP	bZIP	chr7	26152198	26187137	+	26152198
CREB5	ENSG00000146592	bZIP	bZIP	chr7	28299321	28825894	+	28299321
CREB3L2	ENSG00000182158	bZIP	bZIP	chr7	137874979	138002086	-	138002086
CEBPD	ENSG00000221869	bZIP	bZIP	chr8	47736913	47738164	-	47738164
MAFA	ENSG00000182759	bZIP	bZIP	chr8	143419182	143430732	-	143430732
CREB3	ENSG00000107175	bZIP	bZIP	chr9	35732598	35736999	+	35732598
NFIL3	ENSG00000165030	bZIP	bZIP	chr9	91409045	91423832	-	91423832
MTERF2	ENSG00000120832	mTERF	mTERF	chr12	106973120	106987163	-	106987163
MTERF4	ENSG00000122085	mTERF	mTERF	chr2	241072169	241102332	-	241102332
MTERF1	ENSG00000127989	mTERF	mTERF	chr7	91692008	91880702	-	91880702
MTERF3	ENSG00000156469	mTERF	mTERF	chr8	96239398	96261610	-	96261610
TP73	ENSG00000078900	p53	p53	chr1	3652516	3736201	+	3652516
TP53	ENSG00000141510	p53	p53	chr17	7661779	7687538	-	7687538
TP63	ENSG00000073282	p53	p53	chr3	189631389	189897276	+	189631389
