cluster_id	family	parent_DBD_family	chrom	n_members	members	member_strands	member_tss	member_starts	member_ends	cluster_start	cluster_end	span_bp	n_lncRNAs_between	lncRNAs_between
clust0001	AP-2	AP-2	chr6	2	TFAP2D,TFAP2B	+,+	50713526,50818723	50713526,50818723	50773033,50847619	50713526	50847619	134093	0	
clust0002	BTB-ZNF	C2H2 ZF	chr1	2	ZBTB8B,ZBTB8A	+,+	32465072,32539427	32465072,32539427	32496686,32605941	32465072	32605941	140869	0	
clust0003	BTB-ZNF	C2H2 ZF	chr14	2	ZBTB25,ZBTB1	-,+	64505213,64503712	64449106,64503712	64505213,64533690	64449106	64533690	84584	0	
clust0004	BTB-ZNF	C2H2 ZF	chr9	2	ZBTB6,ZBTB26	-,-	122913323,122931512	122908056,122915566	122913323,122931512	122908056	122931512	23456	0	
clust0005	BTB-ZNF	C2H2 ZF	chr9	2	ZBTB43,ZBTB34	+,+	126805006,126860639	126805006,126860639	126838210,126885878	126805006	126885878	80872	0	
clust0006	C2H2 ZF (other)	C2H2 ZF	chr1	2	ZNF672,ZNF692	+,-	248838210,248859144	248838210,248850006	248849517,248859144	248838210	248859144	20934	0	
clust0007	C2H2 ZF (other)	C2H2 ZF	chr12	2	SP7,SP1	-,+	53345315,53380176	53326575,53380176	53345315,53416446	53326575	53416446	89871	0	
clust0008	C2H2 ZF (other)	C2H2 ZF	chr13	2	KLF5,KLF12	+,-	73054976,74134404	73054976,73686089	73077541,74134404	73054976	74134404	1079428	2	LINC00392,LINC00393
clust0009	C2H2 ZF (other)	C2H2 ZF	chr13	2	ZIC5,ZIC2	-,+	99971767,99981784	99962964,99981784	99971767,99986765	99962964	99986765	23801	1	ENSG00000288060
clust0010	C2H2 ZF (other)	C2H2 ZF	chr16	2	ZNF48,ZNF771	+,+	30378106,30407414	30378106,30407414	30400108,30431108	30378106	30431108	53002	0	
clust0011	C2H2 ZF (other)	C2H2 ZF	chr16	2	ZNF668,ZNF646	-,+	31074240,31074422	31060843,31074422	31074240,31084196	31060843	31084196	23353	0	
clust0012	C2H2 ZF (other)	C2H2 ZF	chr16	2	ZNF469,ZFPM1	+,+	88382959,88453280	88382959,88453280	88440757,88537031	88382959	88537031	154072	0	
clust0013	C2H2 ZF (other)	C2H2 ZF	chr17	2	SP6,SP2	-,+	47855874,47896150	47844908,47896150	47855874,47928957	47844908	47928957	84049	3	ENSG00000264243,ENSG00000266821,SP2-DT
clust0014	C2H2 ZF (other)	C2H2 ZF	chr18	2	ZNF516,ZNF236	-,+	76495242,76822557	76357682,76822557	76495242,76972901	76357682	76972901	615219	7	ENSG00000278107,ENSG00000286090,LINC00683,LINC01879,LINC01927,ZNF236-DT,ZNF516-DT
clust0015	C2H2 ZF (other)	C2H2 ZF	chr19	2	ZNF788,ZNF625	+,-	12092468,12156734	12092468,12142090	12113048,12156734	12092468	12156734	64266	2	ENSG00000290812,ENSG00000293234
clust0016	C2H2 ZF (other)	C2H2 ZF	chr19	3	AKAP8,AKAP8L,WIZ	-,-,-	15379815,15419141,15449956	15353385,15380050,15419978	15379815,15419141,15449956	15353385	15449956	96571	1	ENSG00000268189
clust0017	C2H2 ZF (other)	C2H2 ZF	chr19	3	ZNF536,TSHZ3,ZNF507	+,-,+	30224891,31349436,32345594	30224891,31149979,32345594	30713586,31349436,32387667	30224891	32387667	2162776	16	ENSG00000261400,ENSG00000267081,ENSG00000267133,ENSG00000267378,ENSG00000267636,ENSG00000284430,ENSG00000286041,ENSG00000288790,LINC01533,LINC01782,LINC01834,LINC01837,LINC02841,LINC02959,THEG5,TSHZ3-AS1
clust0018	C2H2 ZF (other)	C2H2 ZF	chr19	2	ZNF576,ZNF428	+,-	43596392,43619629	43596392,43607224	43601157,43619629	43596392	43619629	23237	0	
clust0019	C2H2 ZF (other)	C2H2 ZF	chr19	6	ZNF579,FIZ1,ZNF865,ZNF784,ZNF580,ZNF581	-,-,+,-,+,+	55580848,55601970,55605647,55624566,55635016,55635459	55576774,55591376,55605647,55620741,55635016,55635459	55580848,55601970,55617269,55624566,55643470,55645623	55576774	55645623	68849	0	
clust0020	C2H2 ZF (other)	C2H2 ZF	chr19	2	ZNF497,ZNF837	-,-	58362848,58381030	58354357,58367618	58362848,58381030	58354357	58381030	26673	1	ZNF497-AS1
clust0021	C2H2 ZF (other)	C2H2 ZF	chr20	4	SALL4,ZFP64,TSHZ2,ZNF217	-,-,+,-	51802521,52204308,52972358,53609907	51782331,52051663,52972358,53567071	51802521,52204308,53495330,53609907	51782331	53609907	1827576	9	ENSG00000197670,ENSG00000225785,ENSG00000232286,ENSG00000232294,ENSG00000232465,ENSG00000259723,ENSG00000286250,LINC01429,LINC01524
clust0022	C2H2 ZF (other)	C2H2 ZF	chr22	2	ZNF280B,ZNF280A	-,-	22508742,22520270	22484421,22513736	22508742,22520270	22484421	22520270	35849	0	
clust0023	C2H2 ZF (other)	C2H2 ZF	chr3	4	ZNF660,ZNF35,ZNF502,ZNF501	+,+,+,+	44578223,44648732,44712643,44729596	44578223,44648732,44712643,44729596	44599694,44660791,44723831,44737083	44578223	44737083	158860	3	ENSG00000272077,ZKSCAN7-AS1,ZNF197-AS1
clust0024	C2H2 ZF (other)	C2H2 ZF	chr3	2	ZIC4,ZIC1	-,+	147406809,147393422	147386046,147393422	147406809,147510293	147386046	147510293	124247	0	
clust0025	C2H2 ZF (other)	C2H2 ZF	chr7	2	SP8,SP4	-,+	20786886,21428043	20782279,21428043	20786886,21514822	20782279	21514822	732543	3	ENSG00000285592,ENSG00000290069,LINC01162
clust0026	C2H2 ZF (other)	C2H2 ZF	chr7	2	ZNF107,ZNF138	+,+	64666099,64794388	64666099,64794388	64711577,64833681	64666099	64833681	167582	0	
clust0027	C2H2 ZF (other)	C2H2 ZF	chr7	2	REPIN1,ZNF775	+,+	150368189,150368790	150368189,150368790	150374044,150398630	150368189	150398630	30441	0	
clust0028	C2H2 ZF (other)	C2H2 ZF	chr8	4	ZFP41,AC138696.1,GLI4,ZNF696	+,+,+,+	143246821,143247110,143267433,143289676	143246821,143247110,143267433,143289676	143262705,143276403,143276931,143299952	143246821	143299952	53131	1	MINCR
clust0029	DM	DM	chr9	3	DMRT1,DMRT3,DMRT2	+,+,+	841690,976655,1049858	841690,976655,1049858	969090,991732,1057552	841690	1057552	215862	2	ENSG00000286684,LINC01230
clust0030	Ets	Ets	chr1	2	ETV3L,ETV3	-,-	157112412,157138474	157092043,157121191	157112412,157138474	157092043	157138474	46431	0	
clust0031	Ets	Ets	chr11	2	ELF5,EHF	-,+	34525193,34621093	34478791,34621093	34525193,34663288	34478791	34663288	184497	2	ENSG00000255271,LINC02707
clust0032	Ets	Ets	chr11	2	ETS1,FLI1	-,+	128587558,128686535	128458761,128686535	128587558,128813267	128458761	128813267	354506	2	ENSG00000245008,ENSG00000288975
clust0033	Ets	Ets	chr21	2	ERG,ETS2	-,+	38661780,38805183	38380027,38805183	38661780,38824955	38380027	38824955	444928	1	LINC00114
clust0034	Forkhead	Forkhead	chr1	2	FOXE3,FOXD2	+,+	47416285,47438044	47416285,47438044	47418052,47440691	47416285	47440691	24406	1	FOXD2-AS1
clust0035	Forkhead	Forkhead	chr16	2	FOXC2,FOXL1	+,+	86566829,86576368	86566829,86576368	86569728,86583478	86566829	86583478	16649	0	
clust0036	Forkhead	Forkhead	chr6	3	FOXQ1,FOXF2,FOXC1	+,+,+	1312098,1389576,1609915	1312098,1389576,1609915	1314758,1395603,1613897	1312098	1613897	301799	4	ENSG00000272279,FOXCUT,FOXF2-DT,LINC01394
clust0037	GTF2I-like	GTF2I-like	chr7	2	GTF2IRD1,GTF2I	+,+	74453790,74650231	74453790,74650231	74602605,74760692	74453790	74760692	306902	1	ENSG00000273069
clust0038	HSF	HSF	chrY	2	HSFY1,HSFY2	+,-	18546691,18773735	18546691,18731440	18588963,18773735	18546691	18773735	227044	2	TTTY9A,TTTY9B
clust0039	Homeodomain	Homeodomain	chr1	2	PBX1,LMX1A	+,-	164555584,165356715	164555584,165201867	164899296,165356715	164555584	165356715	801131	1	ENSG00000289408
clust0040	Homeodomain	Homeodomain	chr10	2	TLX1,LBX1	+,-	101131300,101229463	101131300,101226994	101137789,101229463	101131300	101229463	98163	1	LINC01514
clust0041	Homeodomain	Homeodomain	chr10	2	HMX3,HMX2	+,+	123135970,123148136	123135970,123148136	123139423,123150672	123135970	123150672	14702	0	
clust0042	Homeodomain	Homeodomain	chr12	2	NANOGNB,NANOG	+,+	7765216,7787794	7765216,7787794	7774121,7799146	7765216	7799146	33930	0	
clust0043	Homeodomain	Homeodomain	chr12	9	HOXC13,HOXC12,HOXC11,HOXC10,HOXC6,HOXC9,HOXC8,HOXC4,HOXC5	+,+,+,+,+,+,+,+,+	53938831,53954903,53973126,53985065,53990624,53994895,54008985,54016931,54033050	53938831,53954903,53973126,53985065,53990624,53994895,54008985,54016931,54033050	53946544,53958956,53977643,53990279,54030823,54003337,54012769,54056030,54035361	53938831	54056030	117199	2	HOTAIR,HOXC-AS3
clust0044	Homeodomain	Homeodomain	chr13	3	GSX1,PDX1,CDX2	+,+,-	27792483,27920000,27969315	27792483,27920000,27960918	27794768,27926313,27969315	27792483	27969315	176832	2	LINC00543,PLUT
clust0045	Homeodomain	Homeodomain	chr14	2	NKX2-1,NKX2-8	-,-	36521149,36582614	36516392,36580004	36521149,36582614	36516392	36582614	66222	2	ENSG00000283098,NKX2-1-AS1
clust0046	Homeodomain	Homeodomain	chr14	3	SIX6,SIX1,SIX4	+,-,-	60509146,60658259,60724351	60509146,60643421,60709539	60512850,60658259,60724351	60509146	60724351	215205	2	ENSG00000258670,SALRNA1
clust0047	Homeodomain	Homeodomain	chr16	3	IRX3,IRX5,IRX6	-,+,+	54286787,54930865,55324203	54283304,54930865,55324203	54286787,54934485,55330756	54283304	55330756	1047452	15	CRNDE,ENSG00000259283,ENSG00000259711,ENSG00000259725,ENSG00000277559,ENSG00000283258,ENSG00000283423,ENSG00000283689,ENSG00000285775,ENSG00000286357,ENSG00000286845,ENSG00000287885,ENSG00000289307,LINC02140,LINC02183
clust0048	Homeodomain	Homeodomain	chr17	9	HOXB1,HOXB2,HOXB3,HOXB4,HOXB5,HOXB6,HOXB7,HOXB8,HOXB9	-,-,-,-,-,-,-,-,-	48531011,48545109,48604912,48578350,48593779,48604992,48633572,48615292,48626358	48528526,48540894,48548870,48575507,48591257,48595751,48607232,48611377,48621156	48531011,48545109,48604912,48578350,48593779,48604992,48633572,48615292,48626358	48528526	48633572	105046	3	ENSG00000257178,HOXB-AS1,HOXB-AS3
clust0049	Homeodomain	Homeodomain	chr17	2	DLX4,DLX3	+,-	49968588,49995224	49968588,49990005	49974959,49995224	49968588	49995224	26636	0	
clust0050	Homeodomain	Homeodomain	chr19	2	TPRX1,CRX	-,+	47819051,47819779	47801232,47819779	47819051,47843330	47801232	47843330	42098	0	
clust0051	Homeodomain	Homeodomain	chr2	2	SIX3,SIX2	+,-	44941702,45009452	44941702,45005182	44946071,45009452	44941702	45009452	67750	1	ENSG00000225156
clust0052	Homeodomain	Homeodomain	chr2	2	DLX1,DLX2	+,-	172084740,172102900	172084740,172099438	172089677,172102900	172084740	172102900	18160	1	ENSG00000289413
clust0053	Homeodomain	Homeodomain	chr2	10	EVX2,HOXD13,HOXD12,HOXD11,HOXD10,HOXD9,HOXD8,HOXD3,HOXD4,HOXD1	-,+,+,+,+,+,+,+,+,+	176083962,176092721,176099795,176104216,176108790,176122719,176129694,176136612,176151550,176188668	176077472,176092721,176099795,176104216,176108790,176122719,176129694,176136612,176151550,176188668	176083962,176095944,176102489,176109754,176119937,176124937,176132695,176173102,176153226,176190907	176077472	176190907	113435	4	ENSG00000272729,HAGLR,HAGLROS,HOXD-AS2
clust0054	Homeodomain	Homeodomain	chr20	2	NKX2-4,NKX2-2	-,-	21397526,21514064	21395365,21511017	21397526,21514064	21395365	21514064	118699	2	ENSG00000225280,ENSG00000278041
clust0055	Homeodomain	Homeodomain	chr5	3	IRX4,IRX2,IRX1	-,-,+	1887236,2751677,3595832	1877413,2745845,3595832	1887236,2751677,3601403	1877413	3601403	1723990	15	CTD-2194D22.4,ENSG00000248137,ENSG00000248597,ENSG00000248736,ENSG00000248994,ENSG00000249731,ENSG00000259757,ENSG00000288108,ENSG00000289075,IRX2-DT,LINC01017,LINC01019,LINC01377,LINC02162,LSINCT5
clust0056	Homeodomain	Homeodomain	chr7	12	HOXA1,HOXA2,HOXA3,HOXA4,HOXA5,HOXA6,HOXA7,HOXA9,HOXA10,HOXA11,HOXA13,EVX1	-,-,-,-,-,-,-,-,-,-,-,+	27096000,27102686,27152583,27130780,27143681,27150603,27157936,27175180,27180261,27185232,27200091,27242700	27092993,27100354,27106184,27128507,27141052,27145396,27153716,27162438,27170605,27181157,27193503,27242700	27096000,27102686,27152583,27130780,27143681,27150603,27157936,27175180,27180261,27185232,27200091,27250493	27092993	27250493	157500	12	ENSG00000253308,ENSG00000253508,ENSG00000270182,ENSG00000272801,ENSG00000273433,ENSG00000286323,EVX1-AS,HOTAIRM1,HOTTIP,HOXA-AS2,HOXA-AS3,HOXA11-AS
clust0057	Homeodomain	Homeodomain	chr7	2	DLX6,DLX5	+,-	97005553,97024950	97005553,97020396	97011040,97024950	97005553	97024950	19397	1	DLX6-AS1
clust0058	Homeodomain	Homeodomain	chr8	2	NKX3-1,NKX2-6	-,-	23682938,23706756	23678697,23701740	23682938,23706756	23678697	23706756	28059	0	
clust0059	Homeodomain	Homeodomain	chrX	3	RHOXF2B,RHOXF1,RHOXF2	-,-,+	120077690,120245267,120158613	120072264,120109051,120158613	120077690,120245267,120165630	120072264	120245267	173003	1	RHOXF1-AS1
clust0060	KRAB-ZNF	C2H2 ZF	chr1	2	ZFP69B,ZFP69	+,+	40450102,40477290	40450102,40477290	40463718,40496343	40450102	40496343	46241	1	ENSG00000260920
clust0061	KRAB-ZNF	C2H2 ZF	chr1	4	ZNF695,ZNF670,ZNF669,ZNF124	-,-,-,-	247008093,247078811,247104372,247172020	246945547,247034637,247099962,247121975	247008093,247078811,247104372,247172020	246945547	247172020	226473	2	ENSG00000286747,LINC02897
clust0062	KRAB-ZNF	C2H2 ZF	chr10	5	ZNF248,ZNF25,ZNF33A,ZNF37A,ZNF33B	-,-,+,+,-	37858106,37976647,38010650,38094334,42638570	37776526,37949573,38010650,38094334,42574185	37858106,37976647,38065088,38150293,42638570	37776526	42638570	4862044	12	CCNYL2,ENSG00000203496,ENSG00000290458,ENSG00000290535,ENSG00000290887,ENSG00000291065,HSD17B7P2,LINC00839,SEPTIN7P9,ZNF248-AS1,ZNF25-DT,ZNF37BP
clust0063	KRAB-ZNF	C2H2 ZF	chr11	2	ZNF215,ZNF214	+,-	6926404,7020346	6926404,6997085	7001004,7020346	6926404	7020346	93942	0	
clust0064	KRAB-ZNF	C2H2 ZF	chr12	7	ZNF605,ZNF26,ZNF84,ZNF140,ZNF891,ZNF10,ZNF268	-,+,+,+,-,+,+	132956306,132986365,133037292,133080474,133130274,133130575,133181409	132918306,132986365,133037292,133080474,133104779,133130575,133181409	132956306,133032952,133063304,133107526,133130274,133159465,133214832	132918306	133214832	296526	2	ENSG00000289516,ZNF84-DT
clust0065	KRAB-ZNF	C2H2 ZF	chr16	2	ZNF205,ZNF213	+,+	3112560,3129777	3112560,3129777	3120517,3142804	3112560	3142804	30244	1	ZNF213-AS1
clust0066	KRAB-ZNF	C2H2 ZF	chr16	2	ZNF263,ZNF75A	+,+	3283283,3305406	3283283,3305406	3301401,3318852	3283283	3318852	35569	0	
clust0067	KRAB-ZNF	C2H2 ZF	chr16	5	ZNF747,ZNF764,ZNF688,ZNF785,ZNF689	-,-,-,-,-	30535347,30558374,30572734,30585769,30624012	30530367,30553764,30569672,30573740,30602558	30535347,30558374,30572734,30585769,30624012	30530367	30624012	93645	3	ENSG00000239791,ENSG00000260167,ZNF747-DT
clust0068	KRAB-ZNF	C2H2 ZF	chr16	2	ZNF23,ZNF19	-,-	71463095,71565089	71447597,71464555	71463095,71565089	71447597	71565089	117492	1	ENSG00000247324
clust0069	KRAB-ZNF	C2H2 ZF	chr17	2	ZNF287,ZNF624	-,-	16569204,16653856	16546954,16620734	16569204,16653856	16546954	16653856	106902	0	
clust0070	KRAB-ZNF	C2H2 ZF	chr19	5	ZNF554,ZNF555,ZNF556,ZNF57,ZNF77	+,+,+,+,-	2819868,2841437,2867335,2900928,2944971	2819868,2841437,2867335,2900928,2933218	2836735,2860471,2883445,2918473,2944971	2819868	2944971	125103	2	ENSG00000253392,ENSG00000287766
clust0071	KRAB-ZNF	C2H2 ZF	chr19	6	ZNF699,ZNF559,ZNF177,ZNF266,ZNF560,ZNF426	-,+,+,-,-,-	9309838,9323772,9363013,9435573,9498616,9538645	9291140,9323772,9363013,9412429,9466355,9523223	9309838,9351162,9382617,9435573,9498616,9538645	9291140	9538645	247505	4	ENSG00000267273,ENSG00000283108,ENSG00000287275,ENSG00000287960
clust0072	KRAB-ZNF	C2H2 ZF	chr19	3	ZNF561,ZNF562,ZNF846	-,-,-	9621236,9675100,9793180	9604680,9641807,9751993	9621236,9675100,9793180	9604680	9793180	188500	4	ENSG00000267612,ENSG00000277587,ENSG00000291231,ZNF561-AS1
clust0073	KRAB-ZNF	C2H2 ZF	chr19	3	ZNF627,ZNF823,ZNF441	+,-,+	11559374,11739009,11767000	11559374,11721265,11767000	11619161,11739009,11784078	11559374	11784078	224704	3	ENSG00000197332,ENSG00000289985,ENSG00000290463
clust0074	KRAB-ZNF	C2H2 ZF	chr19	9	ZNF440,ZNF439,ZNF69,ZNF700,ZNF763,ZNF433,ZNF878,ZNF844,ZNF20	+,+,+,+,+,-,-,+,-	11814273,11848726,11887782,11925068,11965037,12035741,12052961,12064731,12140355	11814273,11848726,11887782,11925068,11965037,12014715,12043805,12064731,12092843	11835216,11883750,11914329,11950773,11980617,12035741,12052961,12081565,12140355	11814273	12140355	326082	4	ENSG00000267089,ENSG00000267274,ENSG00000290812,ZNF433-AS1
clust0075	KRAB-ZNF	C2H2 ZF	chr19	10	ZNF136,ZNF44,ZNF563,ZNF442,ZNF799,ZNF443,ZNF709,ZNF564,ZNF490,ZNF791	+,-,-,-,-,-,-,-,-,+	12163064,12294883,12333720,12365905,12401271,12441021,12513854,12551542,12640098,12610918	12163064,12224686,12317477,12345944,12390016,12429706,12461184,12525373,12576100,12610918	12189871,12294883,12333720,12365905,12401271,12441021,12513854,12551542,12640098,12633840	12163064	12640098	477034	4	ENSG00000234848,ENSG00000268744,ENSG00000291101,LINC02926
clust0076	KRAB-ZNF	C2H2 ZF	chr19	16	ZNF101,ZNF14,ZNF506,ZNF253,ZNF93,ZNF682,ZNF90,ZNF486,ZNF737,ZNF626,ZNF66,ZNF85,ZNF430,ZNF714,ZNF431,ZNF708	+,-,-,+,+,-,+,+,-,-,+,+,+,+,+,-	19668796,19733112,19821751,19865882,19900913,20039505,20077994,20167214,20565809,20661596,20776304,20923222,21020634,21082159,21142024,21329425	19668796,19710472,19785839,19865882,19900913,19997058,20077994,20167214,20535825,20619939,20776304,20923222,21020634,21082159,21142024,21291160	19683509,19733112,19821751,19894674,19963464,20039505,20127076,20200488,20565809,20661596,20809995,20950697,21060050,21125270,21196053,21329425	19668796	21329425	1660629	14	ENSG00000267383,ENSG00000267565,ENSG00000267581,ENSG00000268326,ENSG00000268416,ENSG00000268560,ENSG00000269043,ENSG00000269110,ENSG00000286080,ENSG00000287533,ENSG00000289297,ENSG00000291130,ENSG00000291177,LINC00663
clust0077	KRAB-ZNF	C2H2 ZF	chr19	10	ZNF429,ZNF100,ZNF43,ZNF208,ZNF257,ZNF676,ZNF729,ZNF98,ZNF492,ZNF99	+,-,-,-,+,-,+,-,+,-	21496682,21767579,21852125,22010949,22052430,22215801,22286441,22532485,22634324,22784151	21496682,21722771,21804946,21932958,22052430,22179089,22286441,22391019,22634324,22752183	21556270,21767579,21852125,22010949,22091480,22215801,22317176,22532485,22667671,22784151	21496682	22784151	1287469	13	ENSG00000267872,ENSG00000268081,ENSG00000268184,ENSG00000268240,ENSG00000268555,ENSG00000268597,ENSG00000268823,ENSG00000268981,ENSG00000269504,ENSG00000293103,GOLGA2P9,LINC01233,LINC01785
clust0078	KRAB-ZNF	C2H2 ZF	chr19	6	ZNF728,ZNF730,ZNF724,ZNF91,ZNF675,ZNF681	-,+,-,-,-,-	23003176,23075210,23250394,23395471,23687220,23758891	22974883,23075210,23221599,23304991,23525631,23739195	23003176,23147221,23250394,23395471,23687220,23758891	22974883	23758891	784008	8	ENSG00000267886,ENSG00000269107,ENSG00000269543,ENSG00000284428,ENSG00000293107,LINC01224,LINC01858,LINC01859
clust0079	KRAB-ZNF	C2H2 ZF	chr19	2	ZNF726,ZNF254	+,+	23914876,24033405	23914876,24033405	23945159,24129968	23914876	24129968	215092	2	ENSG00000268362,ENSG00000269289
clust0080	KRAB-ZNF	C2H2 ZF	chr19	5	ZNF302,ZNF181,ZNF599,ZNF30,ZNF792	+,+,-,+,-	34677639,34734155,34773229,34926903,34964229	34677639,34734155,34758073,34926903,34956354	34686397,34745378,34773229,34945170,34964229	34677639	34964229	286590	8	ENSG00000261754,ENSG00000274104,LINC00904,LINC01801,LINC01838,LINC02965,LINC03049,ZNF30-AS1
clust0081	KRAB-ZNF	C2H2 ZF	chr19	4	ZNF565,ZFP14,ZFP82,ZNF566	-,-,-,-	36246257,36379201,36418644,36489902	36182276,36334453,36383120,36445119	36246257,36379201,36418644,36489902	36182276	36489902	307626	3	ENSG00000267053,ENSG00000267363,LINC00665
clust0082	KRAB-ZNF	C2H2 ZF	chr19	22	ZNF529,ZNF382,ZNF461,ZNF567,ZNF850,ZNF790,ZNF829,ZNF568,ZNF420,ZNF585A,ZNF585B,ZNF383,HKR1,ZNF527,ZNF569,ZNF570,ZNF793,ZNF540,ZNF571,ZFP30,ZNF607,ZNF573	-,+,-,+,-,-,-,+,+,-,-,+,+,+,-,+,+,+,-,-,-,-	36605276,36604817,36666853,36687612,36772825,36850787,36916291,36916316,37007857,37172741,37218153,37217926,37312837,37371061,37469275,37467585,37506939,37551406,37594792,37692337,37719761,37817300	36534774,36604817,36636618,36687612,36714383,36817428,36888124,36916316,37007857,37106734,37181579,37217926,37312837,37371061,37411155,37467585,37506939,37551406,37554782,37613749,37696371,37735833	36605276,36634114,36666853,36727701,36772825,36850787,36916291,37005037,37130368,37172741,37218153,37248740,37369365,37393066,37469275,37488652,37548762,37614179,37594792,37692337,37719761,37817300	36534774	37817300	1282526	14	ENSG00000180458,ENSG00000267115,ENSG00000267152,ENSG00000267260,ENSG00000267353,ENSG00000267605,ENSG00000276071,ENSG00000286449,ENSG00000287496,LINC01535,ZNF567-DT,ZNF571-AS1,ZNF790-AS1,ZNF793-AS1
clust0083	KRAB-ZNF	C2H2 ZF	chr19	3	ZNF546,ZNF780B,ZNF780A	+,-,-	39984134,40056231,40090943	39984134,40028260,40069152	40021038,40056231,40090943	39984134	40090943	106809	1	ENSG00000269749
clust0084	KRAB-ZNF	C2H2 ZF	chr19	20	ZNF283,ZNF404,ZNF45,ZNF221,ZNF155,ZNF230,ZNF222,ZNF223,ZNF284,ZNF224,ZNF225,ZNF234,ZNF226,ZNF227,ZNF235,ZNF233,ZNF112,ZNF285,ZNF229,ZNF180	+,-,-,+,+,+,+,+,+,+,+,+,+,+,-,+,-,-,-,-	43827321,43901385,43935282,43951223,43967862,44002957,44025342,44051367,44072159,44094361,44112181,44141554,44165073,44207547,44305046,44259880,44367217,44401608,44448578,44500524	43827321,43872365,43912624,43951223,43967862,44002957,44025342,44051367,44072159,44094361,44112181,44141554,44165073,44207547,44228729,44259880,44326555,44382298,44417519,44474428	43852017,43901385,43935282,43967709,43998326,44013924,44033110,44067999,44089613,44109886,44134822,44160313,44178381,44237268,44305046,44275317,44367217,44401608,44448578,44500524	43827321	44500524	673203	8	ENSG00000267058,ENSG00000267188,ENSG00000287035,ENSG00000289428,ZNF222-DT,ZNF225-AS1,ZNF230-DT,ZNF45-AS1
clust0085	KRAB-ZNF	C2H2 ZF	chr19	18	ZNF577,ZNF649,ZNF613,ZNF350,ZNF615,ZNF614,ZNF432,ZNF616,ZNF836,ZNF766,ZNF480,ZNF610,ZNF880,ZNF528,ZNF534,ZNF578,ZNF808,ZNF701	-,-,+,-,-,-,-,-,-,+,+,+,+,+,+,+,+,+	51890950,51905040,51927147,51986856,52008230,52030240,52095738,52139938,52171643,52269587,52297169,52336243,52369917,52397849,52429148,52453553,52527652,52555822	51804816,51889235,51927147,51964340,51991332,52012765,52031378,52113091,52153864,52269587,52297169,52336243,52369917,52397849,52429148,52453553,52527652,52555822	51890950,51905040,51948759,51986856,52008230,52030240,52095738,52139938,52171643,52296046,52325922,52367778,52385795,52418412,52452315,52516882,52564464,52587174	51804816	52587174	782358	8	ENSG00000267827,ENSG00000267927,ENSG00000268015,ENSG00000268458,ENSG00000269102,ENSG00000269535,ZNF350-AS1,ZNF528-AS1
clust0086	KRAB-ZNF	C2H2 ZF	chr19	5	ZNF28,ZNF468,ZNF320,ZNF888,ZNF816	-,-,-,-,-	52857600,52857649,52897693,52923470,52962911	52797408,52838010,52860851,52904415,52949379	52857600,52857649,52897693,52923470,52962911	52797408	52962911	165503	2	ZNF321P,ZNF888-AS1
clust0087	KRAB-ZNF	C2H2 ZF	chr19	4	ZNF160,ZNF347,ZNF665,ZNF677	-,-,-,-	53103434,53159075,53193386,53254898	53066606,53124072,53159213,53235381	53103434,53159075,53193386,53254898	53066606	53254898	188292	1	ENSG00000291131
clust0088	KRAB-ZNF	C2H2 ZF	chr19	6	ZNF845,ZNF525,ZNF765,ZNF761,ZNF813,ZNF331	+,+,+,+,+,+	53333749,53365693,53389793,53431984,53467733,53519527	53333749,53365693,53389793,53431984,53467733,53519527	53356906,53392217,53430413,53461862,53496255,53580269	53333749	53580269	246520	2	ENSG00000287608,ENSG00000293186
clust0089	KRAB-ZNF	C2H2 ZF	chr19	6	ZNF582,ZNF583,ZNF667,ZNF471,ZFP28,ZNF470	-,+,-,+,+,+	56393538,56397966,56478065,56507850,56538948,56567468	56375846,56397966,56439325,56507850,56538948,56567468	56393538,56436035,56478065,56530221,56556808,56588911	56375846	56588911	213065	5	ENSG00000267224,ZFP28-DT,ZNF470-DT,ZNF582-DT,ZNF667-AS1
clust0090	KRAB-ZNF	C2H2 ZF	chr19	8	ZNF805,ZNF460,ZNF543,ZNF304,ZNF547,ZNF548,ZNF17,ZNF749	+,+,+,+,+,+,+,+	57240632,57280051,57320472,57351271,57363477,57389850,57411161,57435325	57240632,57280051,57320472,57351271,57363477,57389850,57411161,57435325	57262728,57294069,57330770,57359898,57379565,57402992,57421934,57447101	57240632	57447101	206469	5	ENSG00000268205,ENSG00000268678,ENSG00000268713,ENSG00000288899,ZNF460-AS1
clust0091	KRAB-ZNF	C2H2 ZF	chr19	8	ZNF772,ZNF419,ZNF773,ZNF549,ZNF550,ZNF416,ZIK1,ZNF530	-,+,+,+,-,-,+,+	57477570,57487711,57499915,57527325,57559863,57578911,57578456,57599885	57466663,57487711,57499915,57527325,57535257,57571566,57578456,57599885	57477570,57496098,57518404,57557542,57559863,57578911,57593890,57612722	57466663	57612722	146059	1	ENSG00000268266
clust0092	KRAB-ZNF	C2H2 ZF	chr19	12	ZNF551,ZNF154,ZNF671,ZNF776,ZNF586,ZNF552,ZNF587B,ZNF814,ZNF587,ZNF417,ZNF418,ZNF256	+,-,-,+,+,-,+,-,+,-,-,-	57681969,57709204,57727624,57746815,57769655,57814913,57819721,57889074,57849859,57916610,57935402,57947706	57681969,57696275,57719751,57746815,57769655,57803841,57819721,57848731,57849859,57900296,57921882,57940833	57717301,57709204,57727624,57758148,57819939,57814913,57846238,57889074,57865117,57916610,57935402,57947706	57681969	57947706	265737	2	ENSG00000269867,ENSG00000293143
clust0093	KRAB-ZNF	C2H2 ZF	chr19	3	ZNF274,ZNF544,ZNF8	+,+,+	58183029,58228594,58278955	58183029,58228594,58278955	58213562,58277495,58302791	58183029	58302791	119762	1	ZNF8-DT
clust0094	KRAB-ZNF	C2H2 ZF	chr19	5	ZNF584,ZNF132,ZNF324B,ZNF324,ZNF446	+,-,+,+,+	58401504,58440153,58451611,58467056,58474017	58401504,58432814,58451611,58467056,58474017	58431736,58440153,58457833,58475436,58481230	58401504	58481230	79726	1	ZNF132-DT
clust0095	KRAB-ZNF	C2H2 ZF	chr2	3	ZNF514,ZNF2,AC092835.1	-,+,+	95165668,95165432,95207521	95122087,95165432,95207521	95165668,95184317,95259774	95122087	95259774	137687	1	ENSG00000289370
clust0096	KRAB-ZNF	C2H2 ZF	chr3	2	ZNF620,ZNF621	+,+	40477131,40524878	40477131,40524878	40518736,40574685	40477131	40574685	97554	0	
clust0097	KRAB-ZNF	C2H2 ZF	chr3	4	ZNF445,ZNF852,ZKSCAN7,ZNF197	-,-,+,+	44477670,44510636,44555193,44584888	44431705,44491880,44555193,44584888	44477670,44510636,44594173,44648471	44431705	44648471	216766	0	
clust0098	KRAB-ZNF	C2H2 ZF	chr4	4	ZNF595,ZNF718,ZNF732,ZNF141	+,+,-,+	53286,124501,305474,337814	53286,124501,270675,337814	88208,202303,305474,384868	53286	384868	331582	3	ENSG00000286705,ENSG00000289361,ZNF876P
clust0099	KRAB-ZNF	C2H2 ZF	chr5	2	ZNF354A,ZNF354B	-,+	178730659,178859953	178711512,178859953	178730659,178888122	178711512	178888122	176610	1	AACSP1
clust0100	KRAB-ZNF	C2H2 ZF	chr5	2	ZNF879,ZNF354C	+,+	179023804,179060373	179023804,179060373	179035064,179083977	179023804	179083977	60173	0	
clust0101	KRAB-ZNF	C2H2 ZF	chr7	2	ZNF316,ZNF12	+,-	6637318,6706947	6637318,6688433	6658279,6706947	6637318	6706947	69629	1	ENSG00000228010
clust0102	KRAB-ZNF	C2H2 ZF	chr7	2	ZNF479,ZNF716	-,+	57139864,57450177	57117676,57450177	57139864,57473559	57117676	57473559	355883	4	ENSG00000234089,ENSG00000286436,ENSG00000287517,MIR3147HG
clust0103	KRAB-ZNF	C2H2 ZF	chr7	5	ZNF727,ZNF735,ZNF679,ZNF736,ZNF680	+,+,+,+,-	64045434,64207203,64228474,64307459,64563075	64045434,64207203,64228474,64307459,64519878	64085339,64220290,64266931,64356634,64563075	64045434	64563075	517641	5	ENSG00000229881,ENSG00000285544,ENSG00000287699,ENSG00000287985,ENSG00000290564
clust0104	KRAB-ZNF	C2H2 ZF	chr7	3	ZNF789,ZNF394,ZKSCAN5	+,-,+	99472890,99504857,99504662	99472890,99473877,99504662	99503650,99504857,99534700	99472890	99534700	61810	0	
clust0105	KRAB-ZNF	C2H2 ZF	chr7	2	ZKSCAN1,ZNF3	+,-	100015572,100082548	100015572,100064033	100041689,100082548	100015572	100082548	66976	0	
clust0106	KRAB-ZNF	C2H2 ZF	chr7	8	ZNF786,ZNF425,ZNF398,ZNF282,ZNF212,ZNF783,ZNF777,ZNF746	-,-,+,+,+,+,-,-	149090782,149126324,149126416,149195546,149239651,149262171,149461062,149497817	149069641,149102784,149126416,149195546,149239651,149262171,149431363,149472696	149090782,149126324,149183042,149226238,149255606,149297302,149461062,149497817	149069641	149497817	428176	3	ENSG00000228151,ENSG00000261842,ENSG00000290600
clust0107	KRAB-ZNF	C2H2 ZF	chr8	2	ZNF251,ZNF34	-,-	144756417,144787345	144720907,144772224	144756417,144787345	144720907	144787345	66438	0	
clust0108	KRAB-ZNF	C2H2 ZF	chr8	3	ZNF517,ZNF7,ZNF250	+,+,-	144798876,144827518,144902168	144798876,144827518,144876497	144811169,144847509,144902168	144798876	144902168	103292	1	ENSG00000286681
clust0109	KRAB-ZNF	C2H2 ZF	chr9	2	ZNF510,ZNF782	-,-	96778129,96875623	96754553,96816269	96778129,96875623	96754553	96875623	121070	0	
clust0110	KRAB-ZNF	C2H2 ZF	chrX	2	ZNF157,ZNF41	+,-	47370578,47483222	47370578,47445178	47414498,47483222	47370578	47483222	112644	0	
clust0111	KRAB-ZNF	C2H2 ZF	chrX	3	ZNF81,ZNF182,ZNF630	+,-,-	47836902,48003989,48071658	47836902,47974851,47983356	48002561,48003989,48071658	47836902	48071658	234756	0	
clust0112	MADS box	MADS box	chr19	2	MEF2B,BORCS8-MEF2B	-,-	19192131,19192158	19145567,19145569	19192131,19192158	19145567	19192158	46591	0	
clust0113	Nuclear receptor	Nuclear receptor	chr17	2	THRA,NR1D1	+,-	40058290,40100589	40058290,40092793	40093867,40100589	40058290	40100589	42299	0	
clust0114	Nuclear receptor	Nuclear receptor	chr3	3	NR1D2,THRB,RARB	+,-,+	23945286,24495756,24687887	23945286,24117153,24687887	23980617,24495756,25597932	23945286	25597932	1652646	3	ENSG00000272554,LINC00691,THRB-AS1
clust0115	Nuclear receptor	Nuclear receptor	chr9	2	NR5A1,NR6A1	-,-	124507420,124771311	124481236,124517275	124507420,124771311	124481236	124771311	290075	1	ENSG00000231149
clust0116	SAND	SAND	chr2	4	SP110,SP140,SP140L,SP100	-,+,+,+	230225729,230203110,230327184,230415942	230165186,230203110,230327184,230415942	230225729,230313215,230403732,230545606	230165186	230545606	380420	0	
clust0117	SCAN-ZNF	C2H2 ZF	chr16	2	ZSCAN32,ZNF174	-,+	3401065,3401215	3382081,3401215	3401065,3409364	3382081	3409364	27283	0	
clust0118	SCAN-ZNF	C2H2 ZF	chr18	4	ZNF397,ZSCAN30,ZNF24,ZNF396	+,-,-,-	35241030,35290245,35345482,35377337	35241030,35251058,35332227,35366694	35267133,35290245,35345482,35377337	35241030	35377337	136307	2	ENSG00000274918,ZNF271P
clust0119	SCAN-ZNF	C2H2 ZF	chr19	3	ZSCAN5B,ZSCAN5C,ZSCAN5A	-,+,-	56197815,56202273,56368383	56189686,56202273,56219670	56197815,56209461,56368383	56189686	56368383	178697	0	
clust0120	SCAN-ZNF	C2H2 ZF	chr19	2	ZSCAN1,ZSCAN18	+,-	58034025,58118427	58034025,58083838	58054631,58118427	58034025	58118427	84402	1	ENSG00000288830
clust0121	SCAN-ZNF	C2H2 ZF	chr6	2	ZNF165,ZSCAN16	+,+	28080568,28107689	28080568,28107689	28089563,28130082	28080568	28130082	49514	2	ENSG00000291008,ZSCAN16-AS1
clust0122	SCAN-ZNF	C2H2 ZF	chr6	3	ZSCAN31,ZSCAN12,ZSCAN23	-,-,-	28356271,28399747,28443502	28324693,28378955,28431930	28356271,28399747,28443502	28324693	28443502	118809	0	
clust0123	STAT	STAT	chr17	3	STAT5B,STAT5A,STAT3	-,+,-	42288633,42287547,42388568	42199176,42287547,42313324	42288633,42311943,42388568	42199176	42388568	189392	0	
clust0124	STAT	STAT	chr2	2	STAT1,STAT4	-,-	191020960,191151596	190908460,191029576	191020960,191151596	190908460	191151596	243136	1	STAT4-AS1
clust0125	T-box	T-box	chr12	2	TBX5,TBX3	-,-	114408442,114684175	114353911,114670255	114408442,114684175	114353911	114684175	330264	3	ENSG00000258254,ENSG00000289101,TBX5-AS1
clust0126	T-box	T-box	chr17	2	TBX2,TBX4	+,+	61399843,61452404	61399843,61452404	61409466,61485110	61399843	61485110	85267	2	LINC02875,TBX2-AS1
clust0127	bHLH	bHLH	chr12	2	MYF6,MYF5	+,+	80707634,80716912	80707634,80716912	80709474,80719671	80707634	80719671	12037	0	
clust0128	bHLH	bHLH	chr13	2	SOHLH2,CCDC169-SOHLH2	-,-	36214588,36297842	36168217,36168794	36214588,36297842	36168217	36297842	129625	0	
clust0129	bHLH	bHLH	chr15	2	MESP1,MESP2	-,+	89751249,89760591	89749875,89760591	89751249,89778754	89749875	89778754	28879	0	
clust0130	bHLH	bHLH	chr21	2	OLIG2,OLIG1	+,+	33025935,33070141	33025935,33070141	33029196,33072413	33025935	33072413	46478	2	ENSG00000227757,LINC00945
clust0131	bHLH	bHLH	chr7	2	TWIST1,FERD3L	-,-	19117636,19145421	19020991,19144782	19117636,19145421	19020991	19145421	124430	2	ENSG00000229533,ENSG00000236536
clust0132	bZIP	bZIP	chr12	2	AC023509.3,ATF7	-,-	53625979,53626410	53506691,53507856	53625979,53626410	53506691	53626410	119719	0	
clust0133	bZIP	bZIP	chr14	3	FOS,JDP2,BATF	+,+,+	75278826,75427716,75522455	75278826,75427716,75522455	75282230,75474111,75546993	75278826	75546993	268167	4	ENSG00000289844,ENSG00000289918,JDP2-AS1,LINC01220
clust0134	bZIP	bZIP	chr19	2	CEBPA,CEBPG	-,+	33302534,33373685	33299934,33373685	33302534,33382686	33299934	33382686	82752	2	CEBPA-DT,ENSG00000267130
